"Date","Price","Open","High","Low","Vol.","Change %"
"Oct 20, 2020","3.1586","3.3415","3.3828","3.1368","5.62M","-5.47%"
"Oct 19, 2020","3.3415","3.4087","3.4951","3.2211","5.36M","-1.97%"
"Oct 18, 2020","3.4087","3.2509","3.4209","3.2397","4.36M","4.90%"
"Oct 17, 2020","3.2495","3.2510","3.3222","3.1070","4.97M","-0.05%"
"Oct 16, 2020","3.2511","3.4407","3.4885","3.2279","5.76M","-5.51%"
"Oct 15, 2020","3.4407","3.3239","3.5038","3.2203","7.03M","3.47%"
"Oct 14, 2020","3.3254","3.5138","3.5507","3.2818","6.80M","-5.36%"
"Oct 13, 2020","3.5138","3.6389","3.6622","3.4358","3.94M","-3.44%"
"Oct 12, 2020","3.6389","3.6470","3.7255","3.4898","5.79M","-0.29%"
"Oct 11, 2020","3.6494","3.6091","3.7530","3.5107","5.49M","0.94%"
"Oct 10, 2020","3.6155","3.4843","3.8675","3.4743","8.85M","3.73%"
"Oct 09, 2020","3.4854","3.3624","3.5990","3.2538","6.93M","3.66%"
"Oct 08, 2020","3.3624","3.2637","3.4692","3.0259","8.71M","3.13%"
"Oct 07, 2020","3.2605","3.3593","3.3593","3.0946","8.03M","-2.91%"
"Oct 06, 2020","3.3580","3.8073","3.8243","3.2837","9.73M","-11.76%"
"Oct 05, 2020","3.8057","3.6260","3.8855","3.6199","7.90M","4.93%"
"Oct 04, 2020","3.6270","3.7432","3.7486","3.4993","7.64M","-3.05%"
"Oct 03, 2020","3.7409","3.7713","3.8714","3.6941","7.81M","-0.44%"
"Oct 02, 2020","3.7573","3.9996","4.2434","3.5739","17.49M","-6.08%"
"Oct 01, 2020","4.0006","3.9846","4.3608","3.8260","15.46M","0.40%"
"Sep 30, 2020","3.9846","4.0556","4.1018","3.8256","9.74M","-1.69%"
"Sep 29, 2020","4.0530","3.7515","4.3818","3.7110","27.20M","8.24%"
"Sep 28, 2020","3.7445","3.0476","4.2636","3.0469","28.08M","22.88%"
"Sep 27, 2020","3.0472","3.0857","3.1108","2.9563","5.79M","-1.22%"
"Sep 26, 2020","3.0847","3.1278","3.1789","3.0240","6.88M","-1.34%"
"Sep 25, 2020","3.1267","3.0898","3.2128","2.8608","8.36M","1.20%"
"Sep 24, 2020","3.0898","2.7439","3.1389","2.7067","10.44M","12.89%"
"Sep 23, 2020","2.7370","3.2283","3.2429","2.6895","17.54M","-15.24%"
"Sep 22, 2020","3.2291","2.5394","3.2725","2.5251","9.95M","27.16%"
"Sep 21, 2020","2.5394","2.8928","2.9543","2.5133","7.66M","-12.14%"
"Sep 20, 2020","2.8901","3.0393","3.0915","2.8026","5.28M","-4.91%"
"Sep 19, 2020","3.0393","3.0074","3.1638","2.9607","5.76M","1.06%"
"Sep 18, 2020","3.0074","3.2808","3.4364","2.9322","9.57M","-8.33%"
"Sep 17, 2020","3.2808","3.0252","3.3518","2.9073","6.65M","8.45%"
"Sep 16, 2020","3.0252","3.4689","3.5619","2.9340","6.94M","-12.79%"
"Sep 15, 2020","3.4690","3.8208","3.8684","3.4466","6.80M","-9.16%"
"Sep 14, 2020","3.8187","3.8137","3.9791","3.6884","8.61M","0.16%"
"Sep 13, 2020","3.8127","4.0767","4.1389","3.6541","11.68M","-6.43%"
"Sep 12, 2020","4.0746","3.8113","4.1406","3.7456","14.11M","6.82%"
"Sep 11, 2020","3.8146","3.8181","3.8737","3.6280","11.25M","-0.09%"
"Sep 10, 2020","3.8181","3.8353","4.0260","3.6720","16.57M","-0.48%"
"Sep 09, 2020","3.8366","3.5361","3.8917","3.4476","14.15M","8.50%"
"Sep 08, 2020","3.5361","3.6011","3.8199","3.4015","14.20M","-1.81%"
"Sep 07, 2020","3.6014","3.9191","3.9494","3.3147","20.41M","-8.09%"
"Sep 06, 2020","3.9182","3.7642","4.0464","3.3754","22.20M","4.09%"
"Sep 05, 2020","3.7642","4.2525","4.4975","3.4398","34.86M","-11.57%"
"Sep 04, 2020","4.2568","3.5315","4.4694","3.2992","43.98M","20.51%"
"Sep 03, 2020","3.5324","4.3965","4.4396","3.3843","33.90M","-19.66%"
"Sep 02, 2020","4.3965","4.9901","5.2266","4.0595","36.16M","-11.88%"
"Sep 01, 2020","4.9892","5.1261","5.1755","4.9522","36.21M","-2.67%"
"Aug 31, 2020","5.1262","5.4950","5.5752","5.1090","41.08M","-6.79%"
"Aug 30, 2020","5.4994","5.1003","5.7956","5.0859","42.61M","7.83%"
"Aug 29, 2020","5.1003","5.3885","5.4408","5.0555","40.57M","-5.35%"
"Aug 28, 2020","5.3884","5.0219","5.4552","4.8720","40.54M","7.28%"
"Aug 27, 2020","5.0226","5.4957","5.5040","4.9210","54.53M","-8.60%"
"Aug 26, 2020","5.4952","5.1535","5.8234","4.9393","70.93M","6.66%"
"Aug 25, 2020","5.1519","5.8604","5.8802","4.7859","55.42M","-12.09%"
"Aug 24, 2020","5.8604","6.4096","6.4362","5.7526","21.84M","-8.57%"
"Aug 23, 2020","6.4096","6.1474","7.1938","6.0140","55.96M","4.27%"
"Aug 22, 2020","6.1471","6.2445","6.4792","5.3302","62.86M","-1.56%"
"Aug 21, 2020","6.2445","5.6708","9.4979","5.6697","154.48M","10.13%"
"Aug 20, 2020","5.6702","3.3690","5.9295","3.2601","89.41M","68.67%"
"Aug 19, 2020","3.3618","2.6955","3.4453","2.6466","39.68M","24.72%"
"Aug 18, 2020","2.6955","2.7056","2.8973","2.4926","17.35M","-0.37%"
"Aug 17, 2020","2.7056","2.7993","3.2807","2.6791","35.70M","-3.35%"
"Aug 16, 2020","2.7993","1.9348","3.1426","1.8977","35.32M","44.69%"
"Aug 15, 2020","1.9347","2.0268","2.0456","1.8994","8.80M","-4.55%"
"Aug 14, 2020","2.0268","1.8374","2.0764","1.7963","14.59M","10.31%"
"Aug 13, 2020","1.8374","1.6961","1.8995","1.6498","15.13M","8.33%"
"Aug 12, 2020","1.6961","1.6572","1.7073","1.5863","10.49M","2.35%"
"Aug 11, 2020","1.6572","1.7977","1.7987","1.6172","11.64M","-7.82%"
"Aug 10, 2020","1.7977","1.7085","1.8500","1.6906","19.07M","5.24%"
"Aug 09, 2020","1.7083","1.6037","1.7184","1.5777","13.09M","6.51%"
"Aug 08, 2020","1.6038","1.5667","1.6043","1.5564","9.69M","2.36%"
"Aug 07, 2020","1.5667","1.6053","1.6417","1.5370","12.30M","-2.40%"
"Aug 06, 2020","1.6053","1.5900","1.6308","1.5691","9.78M","0.96%"
"Aug 05, 2020","1.5900","1.5873","1.6186","1.5722","12.59M","0.17%"
"Aug 04, 2020","1.5873","1.5705","1.5950","1.5475","9.52M","1.07%"
"Aug 03, 2020","1.5705","1.5847","1.6030","1.5590","12.20M","-0.90%"
"Aug 02, 2020","1.5847","1.6566","1.7269","1.4690","14.88M","-4.34%"
"Aug 01, 2020","1.6566","1.5794","1.6611","1.5746","13.12M","4.90%"
"Jul 31, 2020","1.5793","1.5882","1.6086","1.5769","9.03M","-0.56%"
"Jul 30, 2020","1.5882","1.5816","1.5997","1.5535","9.22M","0.42%"
"Jul 29, 2020","1.5816","1.5817","1.5857","1.5815","11.76M","0.10%"
"Jul 28, 2020","1.5799","1.5741","1.5965","1.5475","12.58M","0.37%"
"Jul 27, 2020","1.5741","1.6244","1.6351","1.4730","19.31M","-3.10%"
"Jul 26, 2020","1.6244","1.6445","1.6809","1.6179","13.90M","-1.22%"
"Jul 25, 2020","1.6445","1.6246","1.6626","1.6233","10.85M","1.22%"
"Jul 24, 2020","1.6247","1.6867","1.6900","1.6153","12.18M","-3.68%"
"Jul 23, 2020","1.6867","1.7295","1.7622","1.6697","13.15M","-2.47%"
"Jul 22, 2020","1.7295","1.6514","1.7476","1.6357","13.82M","4.75%"
"Jul 21, 2020","1.6511","1.6247","1.7261","1.6100","15.00M","1.62%"
"Jul 20, 2020","1.6248","1.5535","1.7358","1.5529","17.08M","4.59%"
"Jul 19, 2020","1.5535","1.5839","1.6380","1.5389","13.04M","-1.91%"
"Jul 18, 2020","1.5838","1.4927","1.6006","1.4759","13.96M","6.10%"
"Jul 17, 2020","1.4927","1.4592","1.5136","1.4541","8.25M","1.24%"
"Jul 16, 2020","1.4744","1.5202","1.5392","1.4505","9.69M","-3.01%"
"Jul 15, 2020","1.5202","1.5273","1.5317","1.4891","7.80M","-0.47%"
"Jul 14, 2020","1.5274","1.5380","1.5423","1.4916","8.83M","-0.69%"
"Jul 13, 2020","1.5380","1.5390","1.5890","1.4231","11.66M","-0.05%"
"Jul 12, 2020","1.5388","1.5289","1.5867","1.5119","10.86M","0.65%"
"Jul 11, 2020","1.5289","1.5444","1.5596","1.5250","9.94M","-1.01%"
"Jul 10, 2020","1.5444","1.5537","1.5580","1.4968","10.34M","-0.60%"
"Jul 09, 2020","1.5537","1.6173","1.6175","1.5127","14.77M","-3.94%"
"Jul 08, 2020","1.6175","1.5266","1.6381","1.5168","16.10M","5.96%"
"Jul 07, 2020","1.5265","1.5642","1.5717","1.5067","13.11M","-2.39%"
"Jul 06, 2020","1.5639","1.4981","1.5858","1.4852","16.42M","4.39%"
"Jul 05, 2020","1.4981","1.5157","1.5210","1.4582","11.54M","-1.16%"
"Jul 04, 2020","1.5157","1.4445","1.5573","1.4347","17.74M","4.93%"
"Jul 03, 2020","1.4445","1.4183","1.4500","1.3919","9.44M","1.85%"
"Jul 02, 2020","1.4183","1.4658","1.4783","1.3968","8.76M","-3.29%"
"Jul 01, 2020","1.4664","1.4670","1.4856","1.4516","8.61M","-0.04%"
"Jun 30, 2020","1.4671","1.4711","1.4923","1.4502","8.54M","-0.27%"
"Jun 29, 2020","1.4711","1.4248","1.5053","1.3733","11.92M","3.25%"
"Jun 28, 2020","1.4248","1.3890","1.4511","1.3490","10.86M","2.56%"
"Jun 27, 2020","1.3892","1.4606","1.4618","1.3061","12.17M","-4.89%"
"Jun 26, 2020","1.4606","1.4732","1.4780","1.4302","8.72M","-0.85%"
"Jun 25, 2020","1.4732","1.5138","1.5154","1.4323","9.24M","-2.68%"
"Jun 24, 2020","1.5138","1.5671","1.5926","1.4735","9.79M","-3.40%"
"Jun 23, 2020","1.5671","1.6238","1.6777","1.5646","11.52M","-3.49%"
"Jun 22, 2020","1.6238","1.4508","1.6360","1.4499","17.58M","11.92%"
"Jun 21, 2020","1.4508","1.4700","1.4817","1.4499","8.96M","-1.31%"
"Jun 20, 2020","1.4700","1.4606","1.4969","1.4374","11.42M","0.65%"
"Jun 19, 2020","1.4606","1.4791","1.4860","1.4402","11.00M","-1.25%"
"Jun 18, 2020","1.4791","1.5150","1.5259","1.4538","9.93M","-2.37%"
"Jun 17, 2020","1.5150","1.5268","1.5316","1.4842","10.00M","-0.78%"
"Jun 16, 2020","1.5268","1.5023","1.5505","1.4888","9.65M","1.63%"
"Jun 15, 2020","1.5023","1.5650","1.5716","1.4113","13.50M","-4.01%"
"Jun 14, 2020","1.5650","1.6195","1.6198","1.5264","10.02M","-3.36%"
"Jun 13, 2020","1.6195","1.5501","1.6786","1.5465","12.52M","4.48%"
"Jun 12, 2020","1.5501","1.5075","1.5820","1.4294","11.28M","2.78%"
"Jun 11, 2020","1.5081","1.6501","1.6566","1.4863","11.96M","-8.60%"
"Jun 10, 2020","1.6501","1.6464","1.6995","1.5942","11.24M","0.22%"
"Jun 09, 2020","1.6464","1.6776","1.6967","1.6277","13.82M","-1.84%"
"Jun 08, 2020","1.6772","1.6943","1.7078","1.6679","10.52M","-1.01%"
"Jun 07, 2020","1.6943","1.7097","1.7393","1.6562","15.54M","-0.89%"
"Jun 06, 2020","1.7095","1.6418","1.7629","1.6158","14.58M","4.13%"
"Jun 05, 2020","1.6418","1.6911","1.6957","1.6418","13.25M","-2.91%"
"Jun 04, 2020","1.6911","1.7095","1.7252","1.6635","15.43M","-1.08%"
"Jun 03, 2020","1.7095","1.7384","1.7865","1.6969","17.48M","-1.66%"
"Jun 02, 2020","1.7384","1.7183","1.7841","1.5976","27.39M","1.15%"
"Jun 01, 2020","1.7187","1.5105","1.7953","1.4833","43.27M","13.74%"
"May 31, 2020","1.5110","1.5780","1.5903","1.4599","22.07M","-4.25%"
"May 30, 2020","1.5780","1.6032","1.6198","1.5344","22.37M","-1.57%"
"May 29, 2020","1.6032","1.6060","1.6625","1.5869","17.73M","-0.16%"
"May 28, 2020","1.6057","1.6450","1.6649","1.5847","14.82M","-2.39%"
"May 27, 2020","1.6450","1.6588","1.7200","1.6178","18.35M","-0.83%"
"May 26, 2020","1.6588","1.7239","1.7754","1.6091","19.49M","-3.78%"
"May 25, 2020","1.7240","1.5359","1.8515","1.5280","37.39M","12.24%"
"May 24, 2020","1.5359","1.8716","1.9235","1.5269","35.36M","-17.94%"
"May 23, 2020","1.8716","1.8020","2.0940","1.7991","37.82M","3.86%"
"May 22, 2020","1.8019","1.5398","2.2001","1.4424","99.19M","17.01%"
"May 21, 2020","1.5399","1.1667","1.6241","1.1422","56.19M","31.99%"
"May 20, 2020","1.1667","1.1836","1.2077","1.1225","21.90M","-1.42%"
"May 19, 2020","1.1836","1.0195","1.1943","0.9132","28.77M","16.09%"
"May 18, 2020","1.0195","0.9734","1.0587","0.7926","16.69M","4.73%"
"May 17, 2020","0.9734","0.9326","1.0163","0.9153","15.18M","4.37%"
"May 16, 2020","0.9326","0.9534","0.9559","0.9159","12.11M","-2.18%"
"May 15, 2020","0.9534","0.9428","1.1009","0.9097","31.23M","1.13%"
"May 14, 2020","0.9428","0.7621","1.0369","0.7248","45.11M","23.71%"
"May 13, 2020","0.7621","0.7183","0.7765","0.7100","34.82M","6.10%"
"May 12, 2020","0.7183","0.6642","0.7798","0.5299","37.42M","7.85%"
"May 11, 2020","0.6660","0.6759","0.7579","0.5794","12.71M","-1.53%"
"May 10, 2020","0.6763","0.7412","0.8128","0.6104","46.33M","-8.76%"
"May 09, 2020","0.7412","0.7616","0.8143","0.7302","59.83M","-2.67%"
"May 08, 2020","0.7616","0.7097","0.8245","0.7014","47.37M","7.32%"
"May 07, 2020","0.7097","0.6815","0.7132","0.6756","66.68M","4.19%"
"May 06, 2020","0.6811","0.7078","0.7205","0.6798","22.07M","-3.77%"
"May 05, 2020","0.7078","0.7144","0.7287","0.6894","63.05M","-0.87%"
"May 04, 2020","0.7140","0.7266","0.7311","0.6678","65.08M","-1.71%"
"May 03, 2020","0.7264","0.7502","0.7604","0.7215","110.05M","-3.17%"
"May 02, 2020","0.7502","0.7543","0.8135","0.7373","102.38M","-0.57%"
"May 01, 2020","0.7544","0.7366","0.8464","0.7251","97.78M","2.47%"
"Apr 30, 2020","0.7363","0.7672","0.8170","0.7093","64.18M","-4.03%"
"Apr 29, 2020","0.7672","0.6682","0.7748","0.6614","28.56M","14.81%"
"Apr 28, 2020","0.6682","0.6601","0.6700","0.6391","18.24M","1.23%"
"Apr 27, 2020","0.6601","0.6615","0.6905","0.6424","21.12M","-0.21%"
"Apr 26, 2020","0.6615","0.6307","0.6623","0.6299","20.66M","4.77%"
"Apr 25, 2020","0.6314","0.6167","0.6336","0.6089","17.94M","2.55%"
"Apr 24, 2020","0.6157","0.5960","0.6194","0.5922","18.41M","3.31%"
"Apr 23, 2020","0.5960","0.5769","0.6228","0.5740","20.54M","3.31%"
"Apr 22, 2020","0.5769","0.5610","0.5930","0.5547","19.88M","2.83%"
"Apr 21, 2020","0.5610","0.5407","0.6145","0.5343","20.62M","3.57%"
"Apr 20, 2020","0.5417","0.5789","0.5917","0.5281","24.39M","-6.43%"
"Apr 19, 2020","0.5789","0.5956","0.5987","0.5691","24.67M","-2.80%"
"Apr 18, 2020","0.5956","0.5705","0.5995","0.5657","23.91M","4.41%"
"Apr 17, 2020","0.5705","0.5641","0.5807","0.5559","21.91M","1.14%"
"Apr 16, 2020","0.5641","0.5254","0.5968","0.3993","5.48M","7.29%"
"Apr 15, 2020","0.5258","0.5524","0.5615","0.5239","23.53M","-4.82%"
"Apr 14, 2020","0.5524","0.5565","0.5671","0.3816","22.78M","-0.75%"
"Apr 13, 2020","0.5565","0.5645","0.5916","0.3824","2.80M","-1.51%"
"Apr 12, 2020","0.5651","0.5619","0.6038","0.4820","13.88M","0.57%"
"Apr 11, 2020","0.5619","0.5571","0.5769","0.4140","11.08M","1.09%"
"Apr 10, 2020","0.5558","0.6085","0.6121","0.4136","5.22M","-8.67%"
"Apr 09, 2020","0.6086","0.6250","0.7648","0.5396","12.57M","-2.64%"
"Apr 08, 2020","0.6250","0.6005","0.9956","0.5375","12.77M","4.19%"
"Apr 07, 2020","0.5999","0.6007","0.9380","0.4992","19.92M","-0.14%"
"Apr 06, 2020","0.6007","0.5414","0.9340","0.3896","19.86M","10.96%"
"Apr 05, 2020","0.5414","0.5521","0.9159","0.3908","9.00M","-1.95%"
"Apr 04, 2020","0.5521","0.5458","0.5566","0.5337","10.91M","1.22%"
"Apr 03, 2020","0.5455","0.5524","0.5795","0.5379","15.36M","-1.26%"
"Apr 02, 2020","0.5524","0.5354","0.9302","0.3893","18.20M","3.19%"
"Apr 01, 2020","0.5354","0.5152","0.5382","0.4971","12.86M","3.53%"
"Mar 31, 2020","0.5172","0.5077","0.5187","0.5052","11.26M","1.86%"
"Mar 30, 2020","0.5077","0.4683","0.5262","0.4673","14.21M","8.42%"
"Mar 29, 2020","0.4683","0.5043","0.5061","0.4664","10.54M","-7.07%"
"Mar 28, 2020","0.5039","0.5046","0.5155","0.4761","13.36M","-0.14%"
"Mar 27, 2020","0.5046","0.5206","0.5278","0.4003","10.30M","-3.10%"
"Mar 26, 2020","0.5207","0.5113","0.5221","0.5032","9.43M","1.85%"
"Mar 25, 2020","0.5113","0.5303","0.5325","0.4940","12.68M","-3.59%"
"Mar 24, 2020","0.5303","0.5047","0.5345","0.4724","16.36M","5.01%"
"Mar 23, 2020","0.5050","0.4776","0.5301","0.4692","18.20M","5.66%"
"Mar 22, 2020","0.4780","0.5254","0.5445","0.4738","13.33M","-9.02%"
"Mar 21, 2020","0.5254","0.5334","0.5500","0.4928","5.38M","-1.50%"
"Mar 20, 2020","0.5334","0.5421","0.6023","0.4760","10.45M","-1.64%"
"Mar 19, 2020","0.5423","0.4651","0.5725","0.4640","8.78M","16.58%"
"Mar 18, 2020","0.4651","0.4664","0.4824","0.4270","6.77M","-0.28%"
"Mar 17, 2020","0.4664","0.4372","0.4829","0.4316","6.00M","6.67%"
"Mar 16, 2020","0.4373","0.4933","0.5449","0.3987","9.51M","-11.33%"
"Mar 15, 2020","0.4931","0.4689","0.5244","0.4654","5.16M","5.19%"
"Mar 14, 2020","0.4688","0.4846","0.5167","0.4649","5.83M","-3.13%"
"Mar 13, 2020","0.4840","0.4186","0.5457","0.3176","15.71M","15.74%"
"Mar 12, 2020","0.4182","0.7539","0.7566","0.3760","15.20M","-44.53%"
"Mar 11, 2020","0.7539","0.7925","0.8003","0.7180","4.39M","-4.88%"
"Mar 10, 2020","0.7925","0.7860","0.8067","0.7719","3.96M","0.82%"
"Mar 09, 2020","0.7861","0.7644","0.8138","0.7349","8.61M","2.84%"
"Mar 08, 2020","0.7644","0.9073","0.9073","0.7582","8.45M","-15.75%"
"Mar 07, 2020","0.9072","0.9371","0.9672","0.9048","3.75M","-3.19%"
"Mar 06, 2020","0.9372","0.9284","0.9446","0.9203","3.48M","0.94%"
"Mar 05, 2020","0.9284","0.8969","0.9516","0.8968","6.33M","3.52%"
"Mar 04, 2020","0.8968","0.8878","0.9069","0.8823","27.32M","1.02%"
"Mar 03, 2020","0.8878","0.8943","0.8984","0.8673","10.68M","-0.73%"
"Mar 02, 2020","0.8943","0.8395","0.9057","0.8317","14.47M","6.47%"
"Mar 01, 2020","0.8400","0.8238","0.8618","0.8084","16.22M","1.96%"
"Feb 29, 2020","0.8238","0.8547","0.8798","0.8238","10.36M","-3.62%"
"Feb 28, 2020","0.8547","0.8933","0.9119","0.8241","6.77M","-4.30%"
"Feb 27, 2020","0.8931","0.8563","0.9439","0.8025","8.40M","4.21%"
"Feb 26, 2020","0.8570","0.9889","1.0056","0.8290","10.76M","-13.32%"
"Feb 25, 2020","0.9887","1.0678","1.0679","0.9815","6.23M","-7.41%"
"Feb 24, 2020","1.0678","1.1377","1.1403","1.0451","6.84M","-6.14%"
"Feb 23, 2020","1.1377","1.1049","1.1611","1.1004","5.23M","2.97%"
"Feb 22, 2020","1.1049","1.0965","1.1099","1.0591","4.38M","0.79%"
"Feb 21, 2020","1.0962","1.0819","1.1238","1.0705","4.67M","1.33%"
"Feb 20, 2020","1.0819","1.1005","1.1327","1.0267","8.93M","-1.70%"
"Feb 19, 2020","1.1005","1.1979","1.2221","1.0951","7.19M","-8.13%"
"Feb 18, 2020","1.1979","1.1692","1.2173","1.1142","5.99M","2.46%"
"Feb 17, 2020","1.1692","1.1821","1.1897","1.0577","10.82M","-1.09%"
"Feb 16, 2020","1.1821","1.2857","1.3371","1.0787","13.28M","-8.07%"
"Feb 15, 2020","1.2858","1.3714","1.4593","1.2437","12.98M","-6.26%"
"Feb 14, 2020","1.3716","1.2816","1.3854","1.2545","6.61M","7.02%"
"Feb 13, 2020","1.2817","1.2492","1.3132","1.2182","9.67M","2.60%"
"Feb 12, 2020","1.2492","1.1962","1.2848","1.1957","8.40M","4.43%"
"Feb 11, 2020","1.1962","1.1255","1.1974","1.0917","5.41M","6.30%"
"Feb 10, 2020","1.1253","1.1377","1.1520","1.0704","5.83M","-1.09%"
"Feb 09, 2020","1.1377","1.1567","1.1712","1.0999","5.26M","-1.63%"
"Feb 08, 2020","1.1566","1.1309","1.1741","1.0632","5.58M","2.26%"
"Feb 07, 2020","1.1310","1.1157","1.1810","1.1157","5.98M","1.37%"
"Feb 06, 2020","1.1157","1.0341","1.1528","1.0312","7.20M","7.89%"
"Feb 05, 2020","1.0341","0.9783","1.0428","0.9782","4.88M","5.71%"
"Feb 04, 2020","0.9783","0.9703","0.9969","0.9703","4.83M","0.82%"
"Feb 03, 2020","0.9703","0.9692","0.9934","0.9371","4.88M","0.10%"
"Feb 02, 2020","0.9693","0.9158","1.0269","0.9131","9.70M","5.83%"
"Feb 01, 2020","0.9159","0.9046","0.9180","0.8999","3.12M","1.26%"
"Jan 31, 2020","0.9045","0.8887","0.9218","0.8725","7.10M","1.78%"
"Jan 30, 2020","0.8887","0.8442","0.8953","0.8254","4.74M","5.28%"
"Jan 29, 2020","0.8442","0.8186","0.8517","0.8161","4.26M","3.12%"
"Jan 28, 2020","0.8186","0.8093","0.8322","0.7959","3.72M","1.17%"
"Jan 27, 2020","0.8092","0.7913","0.8307","0.7913","4.00M","2.27%"
"Jan 26, 2020","0.7912","0.7615","0.7919","0.7554","2.05M","3.90%"
"Jan 25, 2020","0.7615","0.7754","0.7755","0.7508","2.39M","-1.82%"
"Jan 24, 2020","0.7756","0.7627","0.7882","0.7258","4.32M","1.69%"
"Jan 23, 2020","0.7627","0.8160","0.8174","0.7552","3.27M","-6.53%"
"Jan 22, 2020","0.8160","0.8350","0.8479","0.8109","3.24M","-2.27%"
"Jan 21, 2020","0.8350","0.7799","0.8369","0.7632","2.87M","7.06%"
"Jan 20, 2020","0.7799","0.7998","0.8004","0.7539","3.22M","-2.47%"
"Jan 19, 2020","0.7997","0.8374","0.8562","0.7619","5.45M","-4.49%"
"Jan 18, 2020","0.8374","0.8868","0.8947","0.8129","6.92M","-5.58%"
"Jan 17, 2020","0.8868","0.7738","0.8943","0.7618","7.05M","14.60%"
"Jan 16, 2020","0.7738","0.7959","0.7996","0.7442","4.65M","-2.76%"
"Jan 15, 2020","0.7958","0.7352","0.8186","0.7273","10.21M","8.22%"
"Jan 14, 2020","0.7353","0.6691","0.7459","0.6684","7.99M","9.89%"
"Jan 13, 2020","0.6691","0.6937","0.6991","0.6580","2.21M","-3.54%"
"Jan 12, 2020","0.6937","0.6722","0.6937","0.6660","2.72M","3.20%"
"Jan 11, 2020","0.6722","0.6543","0.6887","0.6535","2.56M","2.74%"
"Jan 10, 2020","0.6543","0.6387","0.6664","0.6300","2.76M","2.42%"
"Jan 09, 2020","0.6388","0.6590","0.6591","0.6316","3.09M","-3.06%"
"Jan 08, 2020","0.6590","0.6718","0.6918","0.6377","4.16M","-1.95%"
"Jan 07, 2020","0.6721","0.6848","0.6972","0.6657","3.80M","-1.87%"
"Jan 06, 2020","0.6848","0.6346","0.6848","0.6322","3.43M","7.89%"
"Jan 05, 2020","0.6348","0.6273","0.6501","0.6272","2.05M","1.22%"
"Jan 04, 2020","0.6272","0.6344","0.6352","0.6162","1.35M","-1.10%"
"Jan 03, 2020","0.6341","0.5947","0.6356","0.5853","2.45M","6.62%"
"Jan 02, 2020","0.5947","0.6222","0.6250","0.5858","3.28M","-4.44%"
"Jan 01, 2020","0.6223","0.6071","0.6229","0.6049","1.40M","2.51%"
"Dec 31, 2019","0.6071","0.6166","0.6267","0.6027","2.09M","-1.55%"
"Dec 30, 2019","0.6167","0.6356","0.6425","0.6160","3.14M","-2.98%"
"Dec 29, 2019","0.6356","0.6241","0.6511","0.6150","3.56M","1.85%"
"Dec 28, 2019","0.6241","0.6267","0.6308","0.6209","1.66M","-0.42%"
"Dec 27, 2019","0.6267","0.6140","0.6276","0.6043","1.58M","2.07%"
"Dec 26, 2019","0.6140","0.6066","0.6316","0.6020","1.55M","1.23%"
"Dec 25, 2019","0.6066","0.6216","0.6225","0.6050","1.78M","-2.42%"
"Dec 24, 2019","0.6216","0.6295","0.6312","0.6143","2.11M","-1.26%"
"Dec 23, 2019","0.6295","0.6506","0.6744","0.6225","3.55M","-3.24%"
"Dec 22, 2019","0.6506","0.6464","0.6574","0.6431","3.40M","0.64%"
"Dec 21, 2019","0.6465","0.6535","0.6537","0.6389","1.98M","-1.08%"
"Dec 20, 2019","0.6535","0.6312","0.6579","0.6247","1.95M","3.54%"
"Dec 19, 2019","0.6312","0.6592","0.6651","0.6241","3.52M","-4.22%"
"Dec 18, 2019","0.6589","0.5905","0.6720","0.5694","6.99M","11.59%"
"Dec 17, 2019","0.5905","0.6552","0.6632","0.5809","6.02M","-9.88%"
"Dec 16, 2019","0.6552","0.7019","0.7028","0.6362","3.34M","-6.60%"
"Dec 15, 2019","0.7016","0.7049","0.7055","0.6892","2.04M","-0.47%"
"Dec 14, 2019","0.7049","0.7084","0.7422","0.6945","2.71M","-0.50%"
"Dec 13, 2019","0.7084","0.7111","0.7319","0.7039","4.09M","-0.38%"
"Dec 12, 2019","0.7111","0.7186","0.7247","0.7050","3.33M","-1.05%"
"Dec 11, 2019","0.7186","0.7322","0.7427","0.7134","6.04M","-1.85%"
"Dec 10, 2019","0.7322","0.7326","0.7399","0.7048","2.76M","-0.06%"
"Dec 09, 2019","0.7326","0.7448","0.7682","0.7287","3.10M","-1.65%"
"Dec 08, 2019","0.7449","0.7484","0.7537","0.7330","1.26M","-0.47%"
"Dec 07, 2019","0.7484","0.7494","0.7575","0.7458","1.67M","-0.13%"
"Dec 06, 2019","0.7494","0.7329","0.7514","0.7261","2.40M","2.25%"
"Dec 05, 2019","0.7329","0.7232","0.7392","0.7137","2.28M","1.34%"
"Dec 04, 2019","0.7232","0.7433","0.7725","0.7128","3.37M","-2.71%"
"Dec 03, 2019","0.7433","0.7354","0.7452","0.7290","1.77M","1.09%"
"Dec 02, 2019","0.7354","0.7472","0.7495","0.7280","1.83M","-1.58%"
"Dec 01, 2019","0.7472","0.7668","0.7712","0.7227","3.30M","-2.57%"
"Nov 30, 2019","0.7668","0.8025","0.8069","0.7498","3.45M","-4.44%"
"Nov 29, 2019","0.8025","0.7762","0.8217","0.7726","2.89M","3.38%"
"Nov 28, 2019","0.7762","0.7641","0.7989","0.7622","3.00M","1.58%"
"Nov 27, 2019","0.7641","0.7451","0.8118","0.7115","5.00M","2.55%"
"Nov 26, 2019","0.7451","0.7220","0.7500","0.7187","8.45M","3.20%"
"Nov 25, 2019","0.7220","0.7364","0.7622","0.6611","8.61M","-1.95%"
"Nov 24, 2019","0.7364","0.8031","0.8126","0.7307","4.47M","-8.31%"
"Nov 23, 2019","0.8031","0.7714","0.8075","0.7541","5.69M","4.12%"
"Nov 22, 2019","0.7714","0.8230","0.8334","0.7210","7.63M","-6.23%"
"Nov 21, 2019","0.8226","0.8850","0.8912","0.7874","6.53M","-7.05%"
"Nov 20, 2019","0.8850","0.8963","0.9201","0.8838","2.93M","-1.26%"
"Nov 19, 2019","0.8963","0.9406","0.9416","0.8721","6.33M","-4.71%"
"Nov 18, 2019","0.9406","1.0244","1.0250","0.9063","3.98M","-8.17%"
"Nov 17, 2019","1.0244","1.0444","1.0444","0.9881","3.79M","-1.92%"
"Nov 16, 2019","1.0444","1.0060","1.0713","0.9956","9.53M","3.82%"
"Nov 15, 2019","1.0060","1.0130","1.0746","0.9801","7.12M","-0.69%"
"Nov 14, 2019","1.0130","0.9785","1.0368","0.9507","10.22M","3.52%"
"Nov 13, 2019","0.9785","0.9637","0.9986","0.9512","5.08M","1.61%"
"Nov 12, 2019","0.9631","0.9508","0.9862","0.9463","3.66M","1.29%"
"Nov 11, 2019","0.9508","1.0066","1.0078","0.9254","3.75M","-5.55%"
"Nov 10, 2019","1.0066","0.9614","1.0254","0.9464","4.47M","4.70%"
"Nov 09, 2019","0.9615","0.9522","0.9694","0.9439","3.23M","0.97%"
"Nov 08, 2019","0.9522","0.9980","1.0044","0.9257","6.80M","-4.58%"
"Nov 07, 2019","0.9980","1.0322","1.0429","0.9645","7.03M","-3.31%"
"Nov 06, 2019","1.0322","1.0271","1.0896","1.0158","6.67M","0.50%"
"Nov 05, 2019","1.0271","0.9838","1.0609","0.9712","7.53M","4.40%"
"Nov 04, 2019","0.9838","0.9644","0.9960","0.9459","4.75M","2.01%"
"Nov 03, 2019","0.9644","0.9843","0.9951","0.9451","2.41M","-2.02%"
"Nov 02, 2019","0.9843","0.9745","1.0006","0.9577","7.61M","0.97%"
"Nov 01, 2019","0.9748","0.9443","0.9853","0.9332","9.46M","3.23%"
"Oct 31, 2019","0.9443","0.9801","0.9868","0.9239","3.68M","-3.65%"
"Oct 30, 2019","0.9801","1.0375","1.0382","0.9369","7.34M","-5.53%"
"Oct 29, 2019","1.0375","1.0269","1.1147","1.0133","8.50M","1.03%"
"Oct 28, 2019","1.0269","0.9696","1.0939","0.9265","12.03M","5.93%"
"Oct 27, 2019","0.9693","0.8455","1.0407","0.8391","13.55M","14.57%"
"Oct 26, 2019","0.8460","0.8381","0.9084","0.8157","9.13M","0.95%"
"Oct 25, 2019","0.8381","0.7812","0.8546","0.7665","5.01M","7.28%"
"Oct 24, 2019","0.7812","0.7247","0.7911","0.7088","4.40M","7.84%"
"Oct 23, 2019","0.7244","0.7794","0.7863","0.7086","4.02M","-7.05%"
"Oct 22, 2019","0.7794","0.8087","0.8181","0.7790","2.24M","-3.63%"
"Oct 21, 2019","0.8087","0.8133","0.8163","0.7958","3.62M","-0.58%"
"Oct 20, 2019","0.8134","0.7676","0.8269","0.7598","3.06M","5.97%"
"Oct 19, 2019","0.7676","0.7740","0.7778","0.7603","2.21M","-0.80%"
"Oct 18, 2019","0.7737","0.7967","0.7994","0.7654","2.00M","-2.89%"
"Oct 17, 2019","0.7967","0.7726","0.8021","0.7626","2.99M","3.14%"
"Oct 16, 2019","0.7725","0.7967","0.8038","0.7627","2.13M","-3.05%"
"Oct 15, 2019","0.7967","0.8276","0.8318","0.7918","2.04M","-3.71%"
"Oct 14, 2019","0.8274","0.8285","0.8323","0.8181","1.39M","-0.12%"
"Oct 13, 2019","0.8285","0.8334","0.8420","0.8232","1.20M","-0.57%"
"Oct 12, 2019","0.8332","0.8354","0.8432","0.8293","1.28M","-0.25%"
"Oct 11, 2019","0.8353","0.8908","0.8966","0.8332","3.04M","-6.22%"
"Oct 10, 2019","0.8907","0.9191","0.9202","0.8821","4.24M","-3.09%"
"Oct 09, 2019","0.9191","0.9064","0.9386","0.8987","6.45M","1.40%"
"Oct 08, 2019","0.9064","0.9020","0.9200","0.8865","5.17M","0.52%"
"Oct 07, 2019","0.9017","0.8752","0.9124","0.8620","4.67M","3.10%"
"Oct 06, 2019","0.8746","0.8355","0.8919","0.8334","6.18M","4.68%"
"Oct 05, 2019","0.8355","0.8363","0.8398","0.8259","3.10M","-0.09%"
"Oct 04, 2019","0.8363","0.8170","0.8499","0.8047","3.09M","2.38%"
"Oct 03, 2019","0.8169","0.8306","0.8336","0.8027","3.09M","-1.65%"
"Oct 02, 2019","0.8306","0.8072","0.8306","0.8051","2.87M","2.90%"
"Oct 01, 2019","0.8072","0.8115","0.8296","0.7971","2.78M","-0.53%"
"Sep 30, 2019","0.8115","0.7946","0.8172","0.7718","3.84M","2.14%"
"Sep 29, 2019","0.7945","0.8161","0.8168","0.7783","2.12M","-2.64%"
"Sep 28, 2019","0.8161","0.8178","0.8290","0.7848","2.61M","-0.20%"
"Sep 27, 2019","0.8177","0.8000","0.8253","0.7804","3.41M","2.21%"
"Sep 26, 2019","0.8000","0.8170","0.8296","0.7602","4.69M","-2.08%"
"Sep 25, 2019","0.8170","0.7884","0.8540","0.7608","4.45M","3.63%"
"Sep 24, 2019","0.7884","1.0139","1.1300","0.7022","10.98M","-22.24%"
"Sep 23, 2019","1.0139","1.0691","1.0698","1.0097","3.01M","-5.17%"
"Sep 22, 2019","1.0692","1.1155","1.1165","1.0615","2.54M","-4.15%"
"Sep 21, 2019","1.1155","1.1310","1.1427","1.1067","2.50M","-1.38%"
"Sep 20, 2019","1.1310","1.1393","1.1456","1.1079","2.84M","-0.73%"
"Sep 19, 2019","1.1393","1.1773","1.1773","1.0859","5.44M","-3.22%"
"Sep 18, 2019","1.1772","1.1058","1.2009","1.1038","5.74M","6.47%"
"Sep 17, 2019","1.1057","1.0554","1.1233","1.0516","4.39M","4.76%"
"Sep 16, 2019","1.0554","1.0451","1.0692","1.0381","3.20M","0.96%"
"Sep 15, 2019","1.0454","1.0485","1.0516","1.0433","2.46M","-0.30%"
"Sep 14, 2019","1.0485","1.0390","1.0556","1.0322","2.62M","0.89%"
"Sep 13, 2019","1.0392","1.0518","1.0542","1.0144","3.45M","-1.26%"
"Sep 12, 2019","1.0525","1.0434","1.0583","1.0248","2.26M","0.88%"
"Sep 11, 2019","1.0434","1.0654","1.0775","1.0272","3.10M","-2.07%"
"Sep 10, 2019","1.0655","1.0658","1.0910","1.0588","2.88M","-0.03%"
"Sep 09, 2019","1.0658","1.0757","1.0832","1.0394","2.63M","-0.91%"
"Sep 08, 2019","1.0756","1.0535","1.0858","1.0504","3.02M","2.07%"
"Sep 07, 2019","1.0538","1.0179","1.0730","1.0048","2.46M","3.53%"
"Sep 06, 2019","1.0179","1.0438","1.0589","1.0156","2.72M","-2.48%"
"Sep 05, 2019","1.0438","1.0691","1.0746","1.0392","1.76M","-2.37%"
"Sep 04, 2019","1.0691","1.0853","1.0880","1.0475","2.86M","-1.49%"
"Sep 03, 2019","1.0853","1.0936","1.1080","1.0720","3.09M","-0.76%"
"Sep 02, 2019","1.0936","1.0862","1.1053","1.0650","2.20M","0.68%"
"Sep 01, 2019","1.0862","1.0932","1.1032","1.0685","1.78M","-0.64%"
"Aug 31, 2019","1.0932","1.0757","1.0939","1.0578","1.87M","1.57%"
"Aug 30, 2019","1.0763","1.0617","1.0892","1.0511","2.10M","1.39%"
"Aug 29, 2019","1.0616","1.0976","1.0976","1.0295","3.41M","-3.28%"
"Aug 28, 2019","1.0976","1.1747","1.2026","1.0759","3.67M","-6.56%"
"Aug 27, 2019","1.1746","1.2301","1.2389","1.1681","1.99M","-4.50%"
"Aug 26, 2019","1.2301","1.2348","1.2772","1.2072","4.13M","-0.38%"
"Aug 25, 2019","1.2348","1.2652","1.2930","1.2317","3.92M","-2.36%"
"Aug 24, 2019","1.2646","1.2333","1.2681","1.2015","3.31M","2.63%"
"Aug 23, 2019","1.2322","1.2388","1.2556","1.2203","3.76M","-0.53%"
"Aug 22, 2019","1.2388","1.1823","1.2471","1.1585","3.91M","4.79%"
"Aug 21, 2019","1.1822","1.2227","1.2273","1.1342","3.77M","-3.31%"
"Aug 20, 2019","1.2227","1.2357","1.2458","1.2064","3.11M","-1.06%"
"Aug 19, 2019","1.2357","1.2526","1.2637","1.2088","4.50M","-1.32%"
"Aug 18, 2019","1.2523","1.2087","1.2640","1.1818","4.27M","3.58%"
"Aug 17, 2019","1.2090","1.1575","1.2107","1.1381","4.36M","4.45%"
"Aug 16, 2019","1.1575","1.1653","1.1770","1.1205","4.62M","-0.67%"
"Aug 15, 2019","1.1654","1.1571","1.1836","1.1018","6.67M","0.70%"
"Aug 14, 2019","1.1572","1.3584","1.3584","1.1143","8.55M","-14.79%"
"Aug 13, 2019","1.3581","1.3761","1.3798","1.3184","2.55M","-1.30%"
"Aug 12, 2019","1.3760","1.4257","1.4257","1.3612","2.96M","-3.60%"
"Aug 11, 2019","1.4273","1.3203","1.4399","1.3170","5.26M","8.11%"
"Aug 10, 2019","1.3203","1.3233","1.3558","1.2804","4.46M","-0.23%"
"Aug 09, 2019","1.3233","1.4311","1.4354","1.3045","5.13M","-7.54%"
"Aug 08, 2019","1.4312","1.4428","1.4813","1.4028","5.07M","-0.74%"
"Aug 07, 2019","1.4419","1.4716","1.4973","1.4037","5.47M","-2.02%"
"Aug 06, 2019","1.4717","1.5495","1.5561","1.4520","4.99M","-4.90%"
"Aug 05, 2019","1.5475","1.5258","1.5850","1.5218","5.39M","1.43%"
"Aug 04, 2019","1.5257","1.5319","1.5444","1.4895","2.72M","-0.41%"
"Aug 03, 2019","1.5319","1.5310","1.5503","1.5179","3.88M","0.06%"
"Aug 02, 2019","1.5310","1.5434","1.5581","1.5120","3.65M","-0.80%"
"Aug 01, 2019","1.5434","1.5851","1.5908","1.5197","3.47M","-2.63%"
"Jul 31, 2019","1.5850","1.5392","1.5896","1.5316","4.66M","2.97%"
"Jul 30, 2019","1.5392","1.5232","1.5566","1.4947","2.50M","1.05%"
"Jul 29, 2019","1.5233","1.5318","1.5708","1.4993","4.18M","-0.53%"
"Jul 28, 2019","1.5313","1.5809","1.5941","1.4596","2.95M","-3.14%"
"Jul 27, 2019","1.5809","1.6829","1.7278","1.5543","5.92M","-6.05%"
"Jul 26, 2019","1.6828","1.6888","1.6917","1.6438","4.25M","-0.35%"
"Jul 25, 2019","1.6888","1.7051","1.7372","1.6781","6.44M","-0.95%"
"Jul 24, 2019","1.7051","1.5561","1.7168","1.5020","9.87M","9.57%"
"Jul 23, 2019","1.5561","1.6507","1.6595","1.5435","4.67M","-5.73%"
"Jul 22, 2019","1.6507","1.7235","1.7341","1.6116","5.94M","-4.22%"
"Jul 21, 2019","1.7235","1.7118","1.7559","1.6600","7.07M","0.68%"
"Jul 20, 2019","1.7119","1.5302","1.8495","1.5264","11.69M","11.87%"
"Jul 19, 2019","1.5302","1.5272","1.5349","1.4585","7.20M","0.20%"
"Jul 18, 2019","1.5271","1.4034","1.5530","1.3784","11.43M","8.82%"
"Jul 17, 2019","1.4033","1.3422","1.4681","1.3087","12.50M","4.59%"
"Jul 16, 2019","1.3418","1.5761","1.6001","1.3274","12.14M","-14.81%"
"Jul 15, 2019","1.5750","1.5644","1.6032","1.3615","20.16M","0.69%"
"Jul 14, 2019","1.5642","1.8585","1.8728","1.5619","23.01M","-15.81%"
"Jul 13, 2019","1.8580","1.9948","2.0027","1.7997","15.51M","-6.87%"
"Jul 12, 2019","1.9952","1.9170","2.0224","1.8851","17.56M","4.05%"
"Jul 11, 2019","1.9175","2.2339","2.2340","1.8630","21.12M","-14.18%"
"Jul 10, 2019","2.2344","2.4265","2.4804","2.0120","18.43M","-7.92%"
"Jul 09, 2019","2.4266","2.5775","2.5779","2.4158","19.39M","-5.85%"
"Jul 08, 2019","2.5774","2.3896","2.6706","2.3565","23.04M","7.86%"
"Jul 07, 2019","2.3897","2.3740","2.4058","2.3152","20.83M","0.66%"
"Jul 06, 2019","2.3741","2.3105","2.4234","2.3105","24.38M","2.75%"
"Jul 05, 2019","2.3106","2.3131","2.3364","2.2657","17.03M","-0.09%"
"Jul 04, 2019","2.3128","2.4652","2.4673","2.3091","19.26M","-6.19%"
"Jul 03, 2019","2.4655","2.3726","2.4696","2.3462","17.81M","3.92%"
"Jul 02, 2019","2.3726","2.4312","2.4545","2.2234","22.14M","-2.42%"
"Jul 01, 2019","2.4315","2.4890","2.6076","2.2795","22.45M","-2.29%"
"Jun 30, 2019","2.4885","2.8362","2.8610","2.4813","22.65M","-12.26%"
"Jun 29, 2019","2.8364","2.6737","2.8607","2.5839","25.71M","6.08%"
"Jun 28, 2019","2.6737","2.4246","2.7666","2.3583","24.16M","10.29%"
"Jun 27, 2019","2.4242","2.8033","2.8854","2.2290","28.89M","-13.51%"
"Jun 26, 2019","2.8027","2.6894","3.2586","2.5542","41.44M","4.21%"
"Jun 25, 2019","2.6895","2.3696","2.7090","2.2889","21.00M","13.50%"
"Jun 24, 2019","2.3696","2.2604","2.4590","2.1934","18.44M","4.79%"
"Jun 23, 2019","2.2612","2.2733","2.3351","2.1928","13.87M","-0.51%"
"Jun 22, 2019","2.2729","2.0603","2.3036","2.0338","16.64M","10.28%"
"Jun 21, 2019","2.0611","2.0264","2.0936","2.0257","12.74M","1.69%"
"Jun 20, 2019","2.0268","2.1012","2.1039","2.0130","17.62M","-3.53%"
"Jun 19, 2019","2.1009","2.0556","2.1491","2.0348","17.26M","2.21%"
"Jun 18, 2019","2.0556","2.1302","2.1319","2.0070","20.05M","-3.50%"
"Jun 17, 2019","2.1302","2.1091","2.1599","2.0865","21.53M","0.99%"
"Jun 16, 2019","2.1094","2.0911","2.2136","2.0653","24.68M","0.89%"
"Jun 15, 2019","2.0909","2.1074","2.1694","2.0697","15.37M","-0.77%"
"Jun 14, 2019","2.1071","2.1036","2.1860","2.0245","17.96M","0.17%"
"Jun 13, 2019","2.1036","2.0562","2.1458","2.0108","15.33M","2.20%"
"Jun 12, 2019","2.0583","1.9730","2.0584","1.9537","13.50M","4.34%"
"Jun 11, 2019","1.9727","2.0242","2.0330","1.9032","11.75M","-2.54%"
"Jun 10, 2019","2.0241","1.8877","2.0252","1.8525","15.82M","7.23%"
"Jun 09, 2019","1.8877","1.9939","2.0132","1.8338","14.35M","-5.32%"
"Jun 08, 2019","1.9939","2.0174","2.0415","1.9539","16.22M","-1.18%"
"Jun 07, 2019","2.0177","1.9912","2.0710","1.9631","15.65M","1.32%"
"Jun 06, 2019","1.9914","1.9720","2.0073","1.8869","13.69M","0.98%"
"Jun 05, 2019","1.9720","1.9627","2.0211","1.9119","6.78M","0.46%"
"Jun 04, 2019","1.9630","2.0839","2.1011","1.9045","9.54M","-5.79%"
"Jun 03, 2019","2.0835","2.3539","2.3551","2.0552","14.95M","-11.49%"
"Jun 02, 2019","2.3541","2.2210","2.3672","2.2162","12.29M","5.99%"
"Jun 01, 2019","2.2209","2.2593","2.3392","2.2026","12.70M","-1.71%"
"May 31, 2019","2.2597","2.1698","2.2701","2.0975","9.44M","4.14%"
"May 30, 2019","2.1699","2.2887","2.4772","2.0916","17.87M","-5.19%"
"May 29, 2019","2.2887","2.2624","2.3424","2.1209","11.57M","1.17%"
"May 28, 2019","2.2623","2.2103","2.3021","2.1626","8.69M","2.34%"
"May 27, 2019","2.2105","2.0720","2.2636","2.0566","9.02M","6.69%"
"May 26, 2019","2.0720","1.9686","2.0832","1.9106","5.29M","5.23%"
"May 25, 2019","1.9691","1.9664","2.0014","1.9478","3.53M","0.16%"
"May 24, 2019","1.9660","1.9060","2.0369","1.9037","5.43M","3.08%"
"May 23, 2019","1.9073","1.9151","1.9639","1.8043","8.33M","-0.41%"
"May 22, 2019","1.9152","2.1076","2.1436","1.9150","10.71M","-9.13%"
"May 21, 2019","2.1076","2.0254","2.1370","1.9939","7.76M","4.06%"
"May 20, 2019","2.0254","2.0945","2.1229","1.8735","10.98M","-3.29%"
"May 19, 2019","2.0944","1.8803","2.0998","1.8776","8.38M","11.39%"
"May 18, 2019","1.8801","1.9595","2.0026","1.8679","5.33M","-4.00%"
"May 17, 2019","1.9586","2.1609","2.1819","1.8349","11.29M","-9.36%"
"May 16, 2019","2.1609","2.1836","2.4186","2.0554","20.62M","-1.00%"
"May 15, 2019","2.1827","1.8728","2.2009","1.8664","18.25M","16.55%"
"May 14, 2019","1.8727","1.7194","1.8834","1.7126","12.15M","8.92%"
"May 13, 2019","1.7193","1.6427","1.7979","1.6333","8.03M","4.66%"
"May 12, 2019","1.6427","1.7545","1.8435","1.5922","9.72M","-6.39%"
"May 11, 2019","1.7549","1.5910","1.8241","1.5884","9.73M","10.36%"
"May 10, 2019","1.5902","1.5951","1.6239","1.5500","5.11M","-0.30%"
"May 09, 2019","1.5950","1.6550","1.6762","1.5776","7.18M","-3.64%"
"May 08, 2019","1.6553","1.6129","1.6873","1.5718","10.21M","2.61%"
"May 07, 2019","1.6131","1.6084","1.6785","1.6084","9.21M","0.30%"
"May 06, 2019","1.6083","1.5716","1.6555","1.5117","8.48M","2.34%"
"May 05, 2019","1.5715","1.6088","1.6217","1.5679","6.96M","-2.33%"
"May 04, 2019","1.6090","1.6966","1.7746","1.5756","9.76M","-5.17%"
"May 03, 2019","1.6967","1.6885","1.7249","1.6401","10.36M","0.48%"
"May 02, 2019","1.6886","1.6045","1.7159","1.5715","9.65M","5.35%"
"May 01, 2019","1.6029","1.5727","1.6339","1.5703","10.16M","1.92%"
"Apr 30, 2019","1.5727","1.4845","1.5732","1.4845","9.87M","5.94%"
"Apr 29, 2019","1.4845","1.5318","1.5682","1.4633","10.52M","-3.10%"
"Apr 28, 2019","1.5320","1.5793","1.6080","1.5198","9.25M","-3.02%"
"Apr 27, 2019","1.5797","1.5288","1.6304","1.4882","11.30M","3.34%"
"Apr 26, 2019","1.5287","1.5062","1.5580","1.4418","12.23M","1.50%"
"Apr 25, 2019","1.5062","1.6665","1.6978","1.4083","13.01M","-9.62%"
"Apr 24, 2019","1.6664","1.7452","1.7529","1.5656","20.61M","-4.52%"
"Apr 23, 2019","1.7452","1.8557","1.8764","1.7449","20.69M","-5.99%"
"Apr 22, 2019","1.8564","1.8475","1.8761","1.8128","18.02M","0.47%"
"Apr 21, 2019","1.8477","1.9545","1.9648","1.7653","12.00M","-5.47%"
"Apr 20, 2019","1.9546","1.9637","1.9805","1.9239","8.77M","-0.46%"
"Apr 19, 2019","1.9635","1.9735","1.9814","1.9063","9.66M","-0.51%"
"Apr 18, 2019","1.9735","1.9365","1.9883","1.9160","8.68M","1.88%"
"Apr 17, 2019","1.9372","1.9138","1.9497","1.8780","8.53M","1.21%"
"Apr 16, 2019","1.9140","1.8458","1.9523","1.8183","6.05M","3.69%"
"Apr 15, 2019","1.8459","1.9779","2.0187","1.7897","11.47M","-6.67%"
"Apr 14, 2019","1.9779","1.9164","1.9781","1.8266","10.49M","3.21%"
"Apr 13, 2019","1.9164","1.9684","1.9973","1.8975","9.13M","-2.64%"
"Apr 12, 2019","1.9683","1.9928","2.0360","1.8607","11.51M","-1.23%"
"Apr 11, 2019","1.9928","2.2271","2.2350","1.8748","15.34M","-10.52%"
"Apr 10, 2019","2.2271","2.2372","2.3103","2.2045","10.50M","-0.44%"
"Apr 09, 2019","2.2370","2.3298","2.3302","2.1889","11.19M","-3.98%"
"Apr 08, 2019","2.3298","2.3369","2.4931","2.1914","17.61M","-0.30%"
"Apr 07, 2019","2.3369","2.3337","2.3677","2.2637","15.87M","0.19%"
"Apr 06, 2019","2.3325","2.4557","2.4563","2.3015","18.35M","-5.03%"
"Apr 05, 2019","2.4559","2.1270","2.4698","2.1270","22.07M","15.47%"
"Apr 04, 2019","2.1269","1.9890","2.2175","1.9611","21.72M","6.94%"
"Apr 03, 2019","1.9890","2.0759","2.2836","1.9490","27.62M","-4.18%"
"Apr 02, 2019","2.0758","1.8362","2.0939","1.8172","25.56M","13.05%"
"Apr 01, 2019","1.8362","1.8519","1.9162","1.7909","14.59M","-0.85%"
"Mar 31, 2019","1.8519","1.8905","1.9200","1.8422","10.76M","-2.04%"
"Mar 30, 2019","1.8905","1.9945","2.0229","1.8497","19.23M","-5.17%"
"Mar 29, 2019","1.9935","1.7476","2.0547","1.7448","19.92M","14.07%"
"Mar 28, 2019","1.7476","1.7864","1.7864","1.7186","12.89M","-2.17%"
"Mar 27, 2019","1.7863","1.6267","1.8019","1.6182","16.12M","9.81%"
"Mar 26, 2019","1.6267","1.6651","1.6699","1.5643","13.39M","-2.30%"
"Mar 25, 2019","1.6650","1.7263","1.7319","1.6070","15.31M","-3.55%"
"Mar 24, 2019","1.7263","1.7885","1.8381","1.7112","15.00M","-3.48%"
"Mar 23, 2019","1.7885","1.6599","1.7887","1.6361","15.35M","7.75%"
"Mar 22, 2019","1.6599","1.5475","1.6827","1.5365","11.55M","7.26%"
"Mar 21, 2019","1.5475","1.5510","1.6472","1.4711","18.09M","-0.22%"
"Mar 20, 2019","1.5510","1.4871","1.5518","1.4494","11.11M","4.30%"
"Mar 19, 2019","1.4870","1.4881","1.5022","1.4645","8.29M","-0.08%"
"Mar 18, 2019","1.4882","1.5031","1.5329","1.4389","4.97M","-0.99%"
"Mar 17, 2019","1.5031","1.5297","1.5382","1.4754","4.47M","-1.75%"
"Mar 16, 2019","1.5299","1.5107","1.5661","1.4879","6.98M","1.27%"
"Mar 15, 2019","1.5107","1.5080","1.6024","1.4869","16.25M","0.18%"
"Mar 14, 2019","1.5079","1.4173","1.6561","1.3868","17.31M","6.40%"
"Mar 13, 2019","1.4173","1.4447","1.4665","1.3935","12.22M","-1.89%"
"Mar 12, 2019","1.4446","1.3386","1.4786","1.2679","15.98M","7.92%"
"Mar 11, 2019","1.3386","1.3797","1.4013","1.3155","13.19M","-2.98%"
"Mar 10, 2019","1.3797","1.3611","1.4447","1.3333","15.32M","1.37%"
"Mar 09, 2019","1.3611","1.2531","1.3623","1.2468","10.85M","8.63%"
"Mar 08, 2019","1.2529","1.2423","1.2946","1.2221","4.31M","0.86%"
"Mar 07, 2019","1.2423","1.2450","1.2648","1.2372","3.57M","-0.21%"
"Mar 06, 2019","1.2449","1.2202","1.2511","1.2050","3.32M","2.00%"
"Mar 05, 2019","1.2205","1.1761","1.2344","1.1741","3.53M","3.78%"
"Mar 04, 2019","1.1760","1.2392","1.2468","1.1385","4.54M","-5.09%"
"Mar 03, 2019","1.2391","1.2714","1.2865","1.2296","3.12M","-2.54%"
"Mar 02, 2019","1.2713","1.3265","1.3362","1.2527","3.47M","-4.16%"
"Mar 01, 2019","1.3265","1.3049","1.3541","1.3040","3.06M","1.66%"
"Feb 28, 2019","1.3048","1.3240","1.3381","1.3009","3.56M","-1.44%"
"Feb 27, 2019","1.3239","1.3402","1.3532","1.2678","4.54M","-1.21%"
"Feb 26, 2019","1.3401","1.3186","1.3740","1.2872","5.36M","1.62%"
"Feb 25, 2019","1.3187","1.3142","1.3795","1.2881","6.74M","0.47%"
"Feb 24, 2019","1.3125","1.3348","1.5266","1.2517","15.27M","-1.67%"
"Feb 23, 2019","1.3348","1.2960","1.3404","1.2623","4.78M","2.99%"
"Feb 22, 2019","1.2961","1.3198","1.3311","1.2819","2.82M","-1.80%"
"Feb 21, 2019","1.3198","1.3281","1.3281","1.2376","4.70M","-0.62%"
"Feb 20, 2019","1.3280","1.2847","1.3487","1.2716","5.27M","3.38%"
"Feb 19, 2019","1.2847","1.3126","1.3427","1.2760","4.91M","-2.13%"
"Feb 18, 2019","1.3126","1.2275","1.3563","1.2139","7.77M","6.93%"
"Feb 17, 2019","1.2275","1.2173","1.2558","1.1741","6.01M","0.83%"
"Feb 16, 2019","1.2174","1.1348","1.2640","1.1348","5.60M","7.28%"
"Feb 15, 2019","1.1348","1.1194","1.1625","1.1169","2.77M","1.38%"
"Feb 14, 2019","1.1194","1.1383","1.1444","1.1065","2.72M","-1.64%"
"Feb 13, 2019","1.1382","1.1580","1.1664","1.1262","2.78M","-1.64%"
"Feb 12, 2019","1.1572","1.1500","1.1647","1.1295","3.62M","0.62%"
"Feb 11, 2019","1.1500","1.1919","1.1939","1.1432","5.65M","-3.54%"
"Feb 10, 2019","1.1923","1.1548","1.2101","1.1444","9.25M","3.25%"
"Feb 09, 2019","1.1548","1.1465","1.1628","1.1243","6.04M","0.72%"
"Feb 08, 2019","1.1465","1.0350","1.1489","1.0306","9.10M","10.77%"
"Feb 07, 2019","1.0350","1.0230","1.0517","1.0127","7.89M","1.17%"
"Feb 06, 2019","1.0231","1.0803","1.0862","1.0119","5.88M","-5.30%"
"Feb 05, 2019","1.0803","1.1072","1.1072","1.0734","7.81M","-2.43%"
"Feb 04, 2019","1.1072","1.0978","1.1270","1.0958","8.18M","0.85%"
"Feb 03, 2019","1.0978","1.0981","1.1249","1.0794","7.20M","-0.04%"
"Feb 02, 2019","1.0983","1.0844","1.1064","1.0709","3.42M","1.24%"
"Feb 01, 2019","1.0848","1.0859","1.0983","1.0446","3.80M","-0.11%"
"Jan 31, 2019","1.0859","1.1330","1.1534","1.0726","2.89M","-4.12%"
"Jan 30, 2019","1.1326","1.1030","1.1481","1.0940","7.60M","2.74%"
"Jan 29, 2019","1.1024","1.1109","1.1206","1.0719","4.30M","-0.77%"
"Jan 28, 2019","1.1109","1.1690","1.1702","1.0683","4.53M","-4.97%"
"Jan 27, 2019","1.1690","1.2328","1.2471","1.1308","3.37M","-5.17%"
"Jan 26, 2019","1.2328","1.2374","1.2970","1.2310","1.71M","-0.47%"
"Jan 25, 2019","1.2386","1.2529","1.2603","1.2201","2.04M","-1.14%"
"Jan 24, 2019","1.2529","1.2653","1.2692","1.2421","3.98M","-0.98%"
"Jan 23, 2019","1.2653","1.2911","1.3003","1.2443","3.56M","-2.00%"
"Jan 22, 2019","1.2911","1.2623","1.3059","1.2332","3.93M","2.27%"
"Jan 21, 2019","1.2625","1.2481","1.2669","1.2286","4.31M","1.17%"
"Jan 20, 2019","1.2479","1.2942","1.3520","1.2176","4.31M","-3.59%"
"Jan 19, 2019","1.2944","1.2644","1.3420","1.2511","3.24M","2.37%"
"Jan 18, 2019","1.2644","1.2878","1.2917","1.2338","1.93M","-1.80%"
"Jan 17, 2019","1.2877","1.2562","1.2907","1.2458","2.02M","2.49%"
"Jan 16, 2019","1.2564","1.2192","1.2729","1.2111","1.97M","3.06%"
"Jan 15, 2019","1.2192","1.2702","1.2808","1.2092","2.92M","-4.02%"
"Jan 14, 2019","1.2703","1.1802","1.2966","1.1714","3.28M","7.63%"
"Jan 13, 2019","1.1802","1.2750","1.2952","1.1699","2.78M","-7.43%"
"Jan 12, 2019","1.2750","1.2800","1.2970","1.2551","2.32M","-0.37%"
"Jan 11, 2019","1.2798","1.2616","1.3007","1.2384","3.11M","1.43%"
"Jan 10, 2019","1.2618","1.5099","1.5578","1.2411","4.71M","-16.43%"
"Jan 09, 2019","1.5099","1.4810","1.5183","1.4785","2.06M","1.95%"
"Jan 08, 2019","1.4810","1.4746","1.5282","1.4456","2.22M","0.42%"
"Jan 07, 2019","1.4748","1.5493","1.5566","1.4638","2.48M","-4.81%"
"Jan 06, 2019","1.5493","1.4811","1.5569","1.4503","4.59M","4.50%"
"Jan 05, 2019","1.4825","1.4493","1.5518","1.4470","4.84M","2.33%"
"Jan 04, 2019","1.4487","1.4402","1.4872","1.4056","5.16M","0.59%"
"Jan 03, 2019","1.4402","1.4957","1.5090","1.4237","2.78M","-3.71%"
"Jan 02, 2019","1.4957","1.4080","1.5197","1.4080","4.58M","6.21%"
"Jan 01, 2019","1.4082","1.3367","1.4125","1.3206","3.93M","5.35%"
"Dec 31, 2018","1.3367","1.3995","1.4443","1.3162","4.59M","-4.49%"
"Dec 30, 2018","1.3995","1.4172","1.4312","1.3500","3.62M","-1.21%"
"Dec 29, 2018","1.4166","1.4542","1.4839","1.3836","4.21M","-2.59%"
"Dec 28, 2018","1.4542","1.2928","1.4566","1.2661","2.89M","12.50%"
"Dec 27, 2018","1.2926","1.4656","1.4658","1.2795","3.90M","-11.81%"
"Dec 26, 2018","1.4656","1.4494","1.5257","1.3936","4.67M","1.12%"
"Dec 25, 2018","1.4494","1.5864","1.5885","1.3912","3.31M","-8.64%"
"Dec 24, 2018","1.5865","1.6416","1.8635","1.5647","6.39M","-3.36%"
"Dec 23, 2018","1.6416","1.5417","1.6760","1.5395","4.93M","6.48%"
"Dec 22, 2018","1.5417","1.4770","1.5457","1.4499","3.40M","4.38%"
"Dec 21, 2018","1.4770","1.6241","1.6648","1.4533","4.53M","-9.06%"
"Dec 20, 2018","1.6241","1.3380","1.6525","1.3238","7.62M","21.47%"
"Dec 19, 2018","1.3370","1.3243","1.4502","1.2969","6.61M","0.96%"
"Dec 18, 2018","1.3243","1.2586","1.3325","1.1976","6.32M","5.24%"
"Dec 17, 2018","1.2584","1.1414","1.2971","1.1304","6.03M","10.23%"
"Dec 16, 2018","1.1416","1.1063","1.2085","1.1029","5.63M","3.19%"
"Dec 15, 2018","1.1063","1.1102","1.1386","1.0744","3.88M","-0.35%"
"Dec 14, 2018","1.1102","1.1852","1.2042","1.0791","5.66M","-6.33%"
"Dec 13, 2018","1.1852","1.2394","1.3037","1.1596","5.30M","-4.37%"
"Dec 12, 2018","1.2394","1.2710","1.3106","1.2315","4.94M","-3.04%"
"Dec 11, 2018","1.2783","1.2999","1.3332","1.2536","4.50M","-1.68%"
"Dec 10, 2018","1.3000","1.3547","1.3929","1.2807","4.62M","-4.03%"
"Dec 09, 2018","1.3547","1.3128","1.4386","1.2550","3.82M","3.19%"
"Dec 08, 2018","1.3128","1.3103","1.3533","1.2023","4.64M","0.20%"
"Dec 07, 2018","1.3103","1.2407","1.3496","1.1252","4.88M","5.60%"
"Dec 06, 2018","1.2407","1.3734","1.4183","1.2299","3.97M","-9.65%"
"Dec 05, 2018","1.3732","1.4814","1.5013","1.3725","4.23M","-7.30%"
"Dec 04, 2018","1.4814","1.4655","1.5936","1.4126","2.47M","1.20%"
"Dec 03, 2018","1.4637","1.6117","1.6169","1.4237","4.30M","-9.18%"
"Dec 02, 2018","1.6117","1.6286","1.6552","1.5984","4.09M","-1.04%"
"Dec 01, 2018","1.6286","1.5216","1.6519","1.4823","3.65M","7.03%"
"Nov 30, 2018","1.5216","1.6538","1.6631","1.4429","3.45M","-7.99%"
"Nov 29, 2018","1.6538","1.6075","1.7436","1.5268","4.51M","2.88%"
"Nov 28, 2018","1.6076","1.4131","1.6561","1.4129","4.25M","13.77%"
"Nov 27, 2018","1.4131","1.4397","1.4442","1.3354","3.60M","-1.85%"
"Nov 26, 2018","1.4397","1.5673","1.5914","1.3754","3.58M","-8.15%"
"Nov 25, 2018","1.5674","1.5284","1.5968","1.3462","3.52M","2.55%"
"Nov 24, 2018","1.5285","1.7298","1.7998","1.4869","4.04M","-11.64%"
"Nov 23, 2018","1.7298","1.8247","1.8481","1.6343","4.66M","-5.21%"
"Nov 22, 2018","1.8248","2.0346","2.0693","1.8209","2.87M","-10.31%"
"Nov 21, 2018","2.0346","1.9511","2.0485","1.8710","3.48M","4.28%"
"Nov 20, 2018","1.9511","2.2824","2.3227","1.7134","5.13M","-14.51%"
"Nov 19, 2018","2.2824","2.7926","2.7940","2.2034","3.69M","-18.27%"
"Nov 18, 2018","2.7926","2.7126","2.8586","2.7123","3.12M","2.93%"
"Nov 17, 2018","2.7130","2.7475","2.7587","2.6847","1.99M","-1.26%"
"Nov 16, 2018","2.7475","2.8146","2.9450","2.6845","2.84M","-2.38%"
"Nov 15, 2018","2.8146","2.8614","2.8781","2.6249","3.67M","-1.64%"
"Nov 14, 2018","2.8614","3.2217","3.2683","2.7270","3.38M","-11.18%"
"Nov 13, 2018","3.2217","3.3027","3.3069","3.2155","1.28M","-2.53%"
"Nov 12, 2018","3.3053","3.2222","3.3252","3.1807","1.46M","2.58%"
"Nov 11, 2018","3.2222","3.3253","3.3423","3.1633","1.34M","-3.11%"
"Nov 10, 2018","3.3256","3.3533","3.3638","3.3219","1.27M","-0.82%"
"Nov 09, 2018","3.3532","3.3381","3.4097","3.3080","1.31M","0.45%"
"Nov 08, 2018","3.3381","3.4393","3.4674","3.3311","1.41M","-2.94%"
"Nov 07, 2018","3.4393","3.4974","3.5393","3.4218","1.51M","-1.70%"
"Nov 06, 2018","3.4989","3.3931","3.5481","3.3841","1.52M","3.12%"
"Nov 05, 2018","3.3931","3.3480","3.4327","3.2893","1.31M","1.36%"
"Nov 04, 2018","3.3475","3.2022","3.3935","3.1879","1.25M","4.54%"
"Nov 03, 2018","3.2022","3.2716","3.2877","3.1856","1.15M","-2.08%"
"Nov 02, 2018","3.2701","3.2713","3.3037","3.2214","1.28M","-0.06%"
"Nov 01, 2018","3.2720","3.2844","3.3128","3.2104","1.33M","-0.37%"
"Oct 31, 2018","3.2843","3.1920","3.2987","3.0678","1.42M","2.79%"
"Oct 30, 2018","3.1951","3.1202","3.1978","3.1114","1.16M","2.41%"
"Oct 29, 2018","3.1201","3.2478","3.2541","3.0520","1.43M","-3.93%"
"Oct 28, 2018","3.2477","3.2225","3.2556","3.2051","1.07M","0.78%"
"Oct 27, 2018","3.2225","3.3412","3.3561","3.1849","1.22M","-3.53%"
"Oct 26, 2018","3.3404","3.3397","3.3706","3.3007","1.29M","0.02%"
"Oct 25, 2018","3.3397","3.4535","3.4701","3.3369","1.24M","-3.32%"
"Oct 24, 2018","3.4545","3.3954","3.5783","3.3788","1.47M","1.77%"
"Oct 23, 2018","3.3945","3.4865","3.5275","3.3850","1.41M","-2.60%"
"Oct 22, 2018","3.4852","3.3729","3.5611","3.3286","1.69M","3.26%"
"Oct 21, 2018","3.3750","3.3683","3.4552","3.3591","1.16M","0.20%"
"Oct 20, 2018","3.3683","3.3145","3.4237","3.2845","1.08M","1.62%"
"Oct 19, 2018","3.3145","3.2733","3.3729","3.2183","1.15M","1.26%"
"Oct 18, 2018","3.2733","3.3250","3.4834","3.2286","2.07M","-1.72%"
"Oct 17, 2018","3.3306","3.2440","3.3662","3.1786","1.23M","2.67%"
"Oct 16, 2018","3.2440","3.2544","3.3229","3.1782","1.05M","-0.32%"
"Oct 15, 2018","3.2545","3.0270","3.4554","3.0050","2.37M","7.52%"
"Oct 14, 2018","3.0270","3.0877","3.1205","3.0229","1.24M","-1.97%"
"Oct 13, 2018","3.0878","3.0254","3.1057","3.0182","1.24M","2.06%"
"Oct 12, 2018","3.0254","3.0023","3.1272","2.9764","1.57M","0.77%"
"Oct 11, 2018","3.0023","3.5099","3.5111","2.9967","2.30M","-14.40%"
"Oct 10, 2018","3.5075","3.5205","3.5925","3.4704","1.61M","-0.29%"
"Oct 09, 2018","3.5179","3.5250","3.5560","3.4520","1.78M","-0.24%"
"Oct 08, 2018","3.5262","3.4814","3.5709","3.4775","1.72M","1.28%"
"Oct 07, 2018","3.4817","3.4432","3.4959","3.4055","1.70M","1.12%"
"Oct 06, 2018","3.4432","3.5259","3.5366","3.4107","2.49M","-2.35%"
"Oct 05, 2018","3.5259","3.4712","3.5500","3.4295","2.63M","1.51%"
"Oct 04, 2018","3.4733","3.4272","3.5238","3.4125","2.49M","1.52%"
"Oct 03, 2018","3.4213","3.5412","3.5529","3.3746","2.65M","-3.57%"
"Oct 02, 2018","3.5479","3.6240","3.7011","3.5198","2.36M","-2.23%"
"Oct 01, 2018","3.6287","3.7141","3.7690","3.5366","2.46M","-2.54%"
"Sep 30, 2018","3.7233","3.6764","3.8195","3.6256","2.51M","1.05%"
"Sep 29, 2018","3.6847","3.5245","3.7490","3.4234","2.58M","4.54%"
"Sep 28, 2018","3.5245","3.6510","3.7063","3.4541","2.35M","-3.46%"
"Sep 27, 2018","3.6510","3.3514","3.7406","3.3061","2.32M","8.94%"
"Sep 26, 2018","3.3514","3.3788","3.4787","3.2891","1.61M","-0.74%"
"Sep 25, 2018","3.3764","3.4133","3.4133","3.2080","2.20M","-1.03%"
"Sep 24, 2018","3.4117","3.6336","3.6842","3.3486","2.52M","-6.11%"
"Sep 23, 2018","3.6336","3.5592","3.7544","3.5382","1.99M","2.12%"
"Sep 22, 2018","3.5583","3.7005","3.8407","3.4193","1.75M","-3.84%"
"Sep 21, 2018","3.7005","3.3369","3.7343","3.3028","3.78M","10.90%"
"Sep 20, 2018","3.3369","3.1304","3.3970","3.1304","2.01M","6.60%"
"Sep 19, 2018","3.1304","3.1621","3.2067","2.9945","2.09M","-1.00%"
"Sep 18, 2018","3.1621","3.0921","3.2381","3.0546","2.10M","2.26%"
"Sep 17, 2018","3.0921","3.4088","3.4403","3.0506","2.40M","-9.29%"
"Sep 16, 2018","3.4088","3.5215","3.5215","3.2817","1.99M","-3.19%"
"Sep 15, 2018","3.5211","3.4371","3.5633","3.4205","1.82M","2.44%"
"Sep 14, 2018","3.4372","3.4040","3.5308","3.3418","1.98M","0.97%"
"Sep 13, 2018","3.4040","3.2669","3.4779","3.2278","2.25M","4.30%"
"Sep 12, 2018","3.2637","3.1844","3.2771","3.0382","2.34M","2.49%"
"Sep 11, 2018","3.1844","3.4734","3.5694","3.0467","3.27M","-8.32%"
"Sep 10, 2018","3.4733","3.3852","3.5737","3.3496","1.91M","2.60%"
"Sep 09, 2018","3.3852","3.4007","3.6092","3.2861","2.16M","-0.46%"
"Sep 08, 2018","3.4007","3.6752","3.7453","3.3353","2.89M","-7.47%"
"Sep 07, 2018","3.6752","3.9596","4.0162","3.6247","3.00M","-7.16%"
"Sep 06, 2018","3.9587","3.7339","3.9819","3.4186","4.12M","6.02%"
"Sep 05, 2018","3.7339","4.8060","5.0407","3.6939","3.79M","-22.31%"
"Sep 04, 2018","4.8060","4.4054","5.0734","4.3974","3.81M","9.09%"
"Sep 03, 2018","4.4054","4.3591","4.5062","4.2137","1.72M","1.07%"
"Sep 02, 2018","4.3588","4.5149","4.5407","4.1608","1.85M","-3.57%"
"Sep 01, 2018","4.5200","4.2214","4.5962","4.2047","1.89M","7.08%"
"Aug 31, 2018","4.2210","4.2227","4.3416","4.1328","1.58M","-0.04%"
"Aug 30, 2018","4.2227","4.3583","4.3993","3.9649","1.93M","-3.11%"
"Aug 29, 2018","4.3583","4.4581","4.6751","4.2575","2.17M","-2.25%"
"Aug 28, 2018","4.4585","4.1681","4.5190","4.1441","1.87M","6.96%"
"Aug 27, 2018","4.1683","3.8208","4.2363","3.7519","1.75M","9.09%"
"Aug 26, 2018","3.8208","3.8374","3.8390","3.6659","1.09M","-0.42%"
"Aug 25, 2018","3.8370","3.8066","3.8980","3.6436","1.05M","0.80%"
"Aug 24, 2018","3.8066","3.6664","3.8596","3.6066","2.14M","3.82%"
"Aug 23, 2018","3.6664","3.5131","3.7225","3.4576","1.27M","4.36%"
"Aug 22, 2018","3.5132","3.8261","4.0987","3.4707","1.55M","-8.18%"
"Aug 21, 2018","3.8261","3.6540","3.9052","3.6348","1.49M","4.71%"
"Aug 20, 2018","3.6540","4.1496","4.2331","3.6480","3.40M","-11.94%"
"Aug 19, 2018","4.1496","4.0715","4.3472","3.9731","4.41M","1.92%"
"Aug 18, 2018","4.0715","4.4395","4.5717","3.8282","4.96M","-8.22%"
"Aug 17, 2018","4.4364","3.6987","4.4737","3.6660","5.32M","19.94%"
"Aug 16, 2018","3.6987","3.5434","3.8303","3.5074","4.78M","4.39%"
"Aug 15, 2018","3.5431","3.5818","3.9704","3.5321","4.15M","-1.24%"
"Aug 14, 2018","3.5877","3.6006","3.6132","3.2258","3.42M","-0.37%"
"Aug 13, 2018","3.6011","4.0501","4.1446","3.5289","4.82M","-11.09%"
"Aug 12, 2018","4.0501","4.1101","4.2464","3.9823","3.25M","-1.53%"
"Aug 11, 2018","4.1130","4.3283","4.3383","4.0180","2.39M","-4.97%"
"Aug 10, 2018","4.3283","4.7808","4.8540","4.2903","2.70M","-9.50%"
"Aug 09, 2018","4.7828","4.4380","5.0793","4.3546","2.92M","7.77%"
"Aug 08, 2018","4.4380","4.8031","5.3184","4.2193","4.01M","-7.60%"
"Aug 07, 2018","4.8031","5.2133","5.3774","4.7540","2.08M","-7.86%"
"Aug 06, 2018","5.2130","5.4487","5.5458","5.1700","1.67M","-4.28%"
"Aug 05, 2018","5.4463","5.3673","5.5004","5.2913","1.57M","1.47%"
"Aug 04, 2018","5.3673","5.4561","5.6783","5.1665","1.78M","-1.63%"
"Aug 03, 2018","5.4561","5.5132","5.6299","5.1341","1.93M","-1.05%"
"Aug 02, 2018","5.5140","5.9253","6.0072","5.4895","2.35M","-6.94%"
"Aug 01, 2018","5.9253","6.1195","6.1252","5.7441","3.31M","-3.19%"
"Jul 31, 2018","6.1204","6.6934","6.6944","5.9726","1.69M","-8.56%"
"Jul 30, 2018","6.6934","6.8389","6.9201","6.5822","2.33M","-2.13%"
"Jul 29, 2018","6.8389","6.9338","6.9773","6.8020","2.29M","-1.37%"
"Jul 28, 2018","6.9338","7.0339","7.0466","6.8383","1.35M","-1.31%"
"Jul 27, 2018","7.0261","6.8331","7.0711","6.7824","950.30K","2.82%"
"Jul 26, 2018","6.8331","7.1502","7.3564","6.8310","1.02M","-4.43%"
"Jul 25, 2018","7.1502","7.1800","7.2876","7.0146","1.34M","-0.41%"
"Jul 24, 2018","7.1800","6.8159","7.2647","6.7293","2.27M","5.34%"
"Jul 23, 2018","6.8159","7.1648","7.3633","6.8045","846.32K","-4.87%"
"Jul 22, 2018","7.1648","6.9821","7.4364","6.8663","712.71K","2.62%"
"Jul 21, 2018","6.9821","6.7248","7.1314","6.6116","651.10K","3.83%"
"Jul 20, 2018","6.7248","7.5720","7.5845","6.7218","1.35M","-11.14%"
"Jul 19, 2018","7.5677","7.9039","8.1174","7.5129","2.42M","-4.25%"
"Jul 18, 2018","7.9039","7.8718","8.3724","7.7753","2.41M","0.41%"
"Jul 17, 2018","7.8718","7.4422","8.0199","7.1897","1.91M","5.77%"
"Jul 16, 2018","7.4422","6.8478","7.4639","6.7714","1.33M","8.68%"
"Jul 15, 2018","6.8478","6.6823","6.9337","6.6154","811.88K","2.48%"
"Jul 14, 2018","6.6823","6.7071","6.9034","6.6678","798.81K","-0.51%"
"Jul 13, 2018","6.7166","6.7170","7.2331","6.6739","1.19M","-0.01%"
"Jul 12, 2018","6.7170","6.8422","6.8683","6.4877","953.07K","-1.83%"
"Jul 11, 2018","6.8422","6.8236","6.9827","6.6076","953.20K","0.27%"
"Jul 10, 2018","6.8236","7.2091","7.4331","6.7969","1.35M","-5.28%"
"Jul 09, 2018","7.2039","7.8147","7.8725","6.9969","1.48M","-7.81%"
"Jul 08, 2018","7.8142","8.0579","8.2279","7.7784","922.55K","-3.08%"
"Jul 07, 2018","8.0626","8.0696","8.1286","7.5420","929.57K","-0.13%"
"Jul 06, 2018","8.0732","8.1402","8.1482","7.8286","896.58K","-0.82%"
"Jul 05, 2018","8.1402","8.1182","8.3597","7.9292","1.20M","0.29%"
"Jul 04, 2018","8.1163","7.9318","8.5193","7.7529","1.27M","2.35%"
"Jul 03, 2018","7.9301","8.3818","8.7419","7.8652","1.54M","-5.39%"
"Jul 02, 2018","8.3818","7.9775","8.7725","7.7854","1.24M","5.05%"
"Jul 01, 2018","7.9791","7.6195","8.1515","7.5880","1.48M","4.68%"
"Jun 30, 2018","7.6222","7.2001","7.7867","7.1125","741.11K","5.85%"
"Jun 29, 2018","7.2010","6.7352","7.2682","6.6909","697.03K","6.92%"
"Jun 28, 2018","6.7352","7.2592","7.3131","6.7103","555.29K","-7.22%"
"Jun 27, 2018","7.2593","7.2397","7.3112","7.1321","386.52K","0.16%"
"Jun 26, 2018","7.2478","7.8302","7.8611","7.2291","369.18K","-7.45%"
"Jun 25, 2018","7.8315","7.7865","8.0527","7.5302","541.94K","0.58%"
"Jun 24, 2018","7.7864","8.2054","8.2229","7.1707","853.62K","-5.05%"
"Jun 23, 2018","8.2009","8.2087","8.3859","7.9394","554.92K","-0.09%"
"Jun 22, 2018","8.2087","8.9272","8.9704","8.0967","1.19M","-8.05%"
"Jun 21, 2018","8.9273","9.1104","9.2179","8.8943","328.33K","-2.00%"
"Jun 20, 2018","9.1095","9.2241","9.2318","8.9210","479.28K","-1.24%"
"Jun 19, 2018","9.2242","9.4000","9.5742","9.1328","529.09K","-1.87%"
"Jun 18, 2018","9.3999","9.0231","9.6166","8.9222","505.77K","4.18%"
"Jun 17, 2018","9.0231","9.1495","9.3194","8.9848","341.42K","-1.34%"
"Jun 16, 2018","9.1455","8.9195","9.4194","8.8868","532.45K","2.53%"
"Jun 15, 2018","8.9195","9.4292","9.4894","8.8605","504.23K","-5.44%"
"Jun 14, 2018","9.4331","8.7941","9.6499","8.7670","1.01M","7.25%"
"Jun 13, 2018","8.7957","9.0468","9.2822","8.6586","1.16M","-2.78%"
"Jun 12, 2018","9.0474","9.9717","10.1242","8.9858","931.37K","-9.25%"
"Jun 11, 2018","9.9699","9.4457","9.9889","9.2590","733.24K","5.55%"
"Jun 10, 2018","9.4460","10.7400","10.7468","9.2710","1.40M","-12.08%"
"Jun 09, 2018","10.7437","11.1055","11.2341","10.7118","545.84K","-3.26%"
"Jun 08, 2018","11.1055","11.4476","11.5371","10.9787","571.55K","-2.96%"
"Jun 07, 2018","11.4445","11.0609","12.0102","11.0535","915.76K","3.47%"
"Jun 06, 2018","11.0610","11.3119","11.3849","10.7910","981.71K","-2.22%"
"Jun 05, 2018","11.3119","11.0972","11.5348","10.5997","970.89K","1.93%"
"Jun 04, 2018","11.0976","11.8068","12.0192","10.8851","1.36M","-6.01%"
"Jun 03, 2018","11.8068","11.5556","12.3545","11.5469","1.43M","2.21%"
"Jun 02, 2018","11.5512","10.8016","11.8619","10.6786","2.18M","6.94%"
"Jun 01, 2018","10.8018","10.5785","10.8549","10.3704","1.65M","2.11%"
"May 31, 2018","10.5786","10.3041","10.8938","10.2410","1.01M","2.67%"
"May 30, 2018","10.3040","10.5055","10.8524","9.9292","754.25K","-1.96%"
"May 29, 2018","10.5103","9.5960","10.8041","9.5075","815.15K","9.52%"
"May 28, 2018","9.5967","10.4200","10.5925","9.5415","808.66K","-7.90%"
"May 27, 2018","10.4200","10.7882","10.7966","10.2344","1.11M","-3.41%"
"May 26, 2018","10.7882","10.6991","11.1597","10.5277","564.56K","0.83%"
"May 25, 2018","10.6993","11.1493","11.4785","10.5562","671.10K","-4.04%"
"May 24, 2018","11.1492","10.5698","11.3400","10.0554","1.05M","5.68%"
"May 23, 2018","10.5498","11.4579","11.5875","10.0565","1.16M","-7.91%"
"May 22, 2018","11.4560","12.5434","12.9924","11.4043","527.20K","-8.66%"
"May 21, 2018","12.5422","13.0439","13.1220","12.2758","403.08K","-3.84%"
"May 20, 2018","13.0428","12.4956","13.2844","12.3648","775.00K","4.24%"
"May 19, 2018","12.5123","12.5380","12.9061","12.3179","838.95K","-0.21%"
"May 18, 2018","12.5386","12.3333","12.8186","11.9965","1.11M","1.66%"
"May 17, 2018","12.3333","13.1447","13.5642","12.0992","961.32K","-6.24%"
"May 16, 2018","13.1543","13.5384","13.5526","12.7564","549.70K","-2.84%"
"May 15, 2018","13.5394","14.1806","14.5506","13.4888","487.01K","-4.52%"
"May 14, 2018","14.1806","14.2042","14.6066","13.2035","1.02M","-0.17%"
"May 13, 2018","14.2042","13.6771","14.6929","13.3224","979.61K","3.82%"
"May 12, 2018","13.6815","13.2941","14.1278","12.4476","846.07K","2.91%"
"May 11, 2018","13.2941","15.3454","15.3454","13.0631","1.46M","-13.35%"
"May 10, 2018","15.3417","16.1147","16.4134","15.3146","1.00M","-4.74%"
"May 09, 2018","16.1053","16.0153","16.7404","15.3282","720.05K","0.56%"
"May 08, 2018","16.0153","16.6586","16.8270","15.7618","749.92K","-5.28%"
"May 07, 2018","16.9085","16.9708","17.0298","15.7938","930.36K","-0.37%"
"May 06, 2018","16.9708","17.4476","17.7487","16.5655","773.31K","-2.84%"
"May 05, 2018","17.4668","17.8784","18.0038","17.4279","1.01M","-2.30%"
"May 04, 2018","17.8784","18.3409","18.3585","17.2385","1.30M","-2.52%"
"May 03, 2018","18.3415","17.3505","19.0997","17.1496","2.11M","5.76%"
"May 02, 2018","17.3432","17.0395","17.4055","16.6665","986.32K","1.72%"
"May 01, 2018","17.0506","16.9971","17.1747","16.0840","876.84K","0.34%"
"Apr 30, 2018","16.9920","18.1958","18.2093","16.8441","1.04M","-6.60%"
"Apr 29, 2018","18.1923","18.1605","18.6271","17.1952","1.40M","0.26%"
"Apr 28, 2018","18.1445","17.3400","18.4441","17.2138","1.22M","4.65%"
"Apr 27, 2018","17.3384","18.1739","18.9634","17.3071","2.28M","-4.60%"
"Apr 26, 2018","18.1739","15.6003","20.7302","15.1320","7.06M","16.53%"
"Apr 25, 2018","15.5961","17.9805","17.9805","14.7359","2.98M","-13.27%"
"Apr 24, 2018","17.9817","15.8363","18.6906","15.7183","3.24M","13.75%"
"Apr 23, 2018","15.8082","15.1433","15.9355","15.1054","1.10M","4.39%"
"Apr 22, 2018","15.1433","15.3159","15.9258","15.0543","1.09M","-1.13%"
"Apr 21, 2018","15.3159","16.2926","16.2973","14.4049","2.12M","-5.99%"
"Apr 20, 2018","16.2926","15.7096","16.4046","15.2857","2.04M","3.71%"
"Apr 19, 2018","15.7096","15.0881","16.0323","14.8914","2.02M","4.29%"
"Apr 18, 2018","15.0630","14.2035","15.2375","14.2035","1.56M","6.05%"
"Apr 17, 2018","14.2035","15.5044","15.7483","14.1597","2.80M","-8.39%"
"Apr 16, 2018","15.5044","14.1701","15.6702","13.2005","4.17M","9.42%"
"Apr 15, 2018","14.1701","13.7851","14.4630","13.7851","1.61M","2.79%"
"Apr 14, 2018","13.7851","12.6857","14.2158","12.6853","2.55M","8.67%"
"Apr 13, 2018","12.6857","12.0989","16.9418","11.6630","6.63M","4.85%"
"Apr 12, 2018","12.0989","9.8072","12.3576","9.3944","3.68M","23.37%"
"Apr 11, 2018","9.8071","9.2374","9.8317","9.2332","1.12M","6.14%"
"Apr 10, 2018","9.2393","9.0768","9.3165","8.8565","622.14K","1.79%"
"Apr 09, 2018","9.0768","9.5554","9.8118","8.8814","893.06K","-5.01%"
"Apr 08, 2018","9.5554","9.3643","9.6587","9.2087","442.81K","2.04%"
"Apr 07, 2018","9.3643","9.2391","9.6154","9.0666","670.32K","1.35%"
"Apr 06, 2018","9.2391","8.8426","9.4997","8.6512","1.48M","4.48%"
"Apr 05, 2018","8.8426","8.2145","9.5166","8.0480","2.22M","7.59%"
"Apr 04, 2018","8.2190","9.4647","9.4647","8.1128","1.21M","-13.16%"
"Apr 03, 2018","9.4647","8.6970","9.7736","8.6440","1.16M","8.77%"
"Apr 02, 2018","8.7015","8.0864","9.4938","8.0151","1.55M","7.61%"
"Apr 01, 2018","8.0864","8.1821","8.4312","7.4618","922.88K","-1.17%"
"Mar 31, 2018","8.1821","8.2525","8.7272","8.1236","726.98K","-0.85%"
"Mar 30, 2018","8.2525","8.4205","8.7164","7.9482","1.51M","-2.00%"
"Mar 29, 2018","8.4205","9.6672","9.7816","8.2305","1.69M","-12.90%"
"Mar 28, 2018","9.6672","9.7025","10.2087","9.6070","768.34K","-0.36%"
"Mar 27, 2018","9.7025","10.2546","10.3434","9.3188","969.15K","-5.38%"
"Mar 26, 2018","10.2546","10.8513","10.9683","9.3692","1.28M","-5.50%"
"Mar 25, 2018","10.8513","11.1171","11.1594","10.6069","872.81K","-2.39%"
"Mar 24, 2018","11.1171","11.4994","11.8560","11.0082","1.02M","-3.32%"
"Mar 23, 2018","11.4994","11.4989","11.5464","10.5070","1.09M","0.00%"
"Mar 22, 2018","11.4989","11.8453","12.4010","10.6863","1.56M","-2.92%"
"Mar 21, 2018","11.8453","12.0882","12.6480","11.4906","1.27M","-2.01%"
"Mar 20, 2018","12.0882","11.5422","12.5157","10.5707","2.04M","4.80%"
"Mar 19, 2018","11.5344","10.4341","11.5344","9.9662","1.74M","10.55%"
"Mar 18, 2018","10.4341","9.6964","10.5814","8.3647","2.11M","7.66%"
"Mar 17, 2018","9.6914","11.1738","11.2167","9.6246","1.35M","-13.27%"
"Mar 16, 2018","11.1738","11.2231","11.9286","10.7534","1.18M","-0.44%"
"Mar 15, 2018","11.2231","11.6520","11.6846","10.2421","1.85M","-3.68%"
"Mar 14, 2018","11.6520","13.6886","13.7468","11.1627","1.17M","-14.88%"
"Mar 13, 2018","13.6886","13.6857","14.1539","12.9675","848.12K","0.02%"
"Mar 12, 2018","13.6857","14.5934","14.8087","13.2900","775.54K","-6.22%"
"Mar 11, 2018","14.5934","13.2966","14.9696","12.6482","1.08M","9.75%"
"Mar 10, 2018","13.2966","14.8630","15.3407","13.1198","1.49M","-10.41%"
"Mar 09, 2018","14.8415","13.6220","15.0981","11.5690","2.05M","8.95%"
"Mar 08, 2018","13.6220","14.3735","15.2406","13.0882","1.30M","-5.23%"
"Mar 07, 2018","14.3735","15.7325","16.3889","13.5084","1.44M","-8.64%"
"Mar 06, 2018","15.7325","17.1418","17.1418","15.4398","1.12M","-8.26%"
"Mar 05, 2018","17.1498","17.9327","18.0893","17.1057","685.74K","-4.37%"
"Mar 04, 2018","17.9327","17.8091","18.4418","16.9925","893.76K","0.69%"
"Mar 03, 2018","17.8091","18.5197","19.0732","17.6304","1.10M","-3.88%"
"Mar 02, 2018","18.5279","19.1456","19.3476","17.7168","1.00M","-3.23%"
"Mar 01, 2018","19.1456","18.3084","19.9703","18.2266","1.06M","4.57%"
"Feb 28, 2018","18.3084","19.9078","20.8124","18.3064","1.73M","-8.05%"
"Feb 27, 2018","19.9122","17.7831","20.8618","17.5736","1.63M","12.00%"
"Feb 26, 2018","17.7784","16.5296","18.0853","15.9806","560.70K","7.59%"
"Feb 25, 2018","16.5239","16.3742","17.3297","16.0483","500.97K","0.90%"
"Feb 24, 2018","16.3768","17.3146","18.3138","15.9313","962.16K","-5.41%"
"Feb 23, 2018","17.3125","16.3115","17.8659","15.5231","1.16M","6.14%"
"Feb 22, 2018","16.3115","17.5710","18.4410","15.5816","1.46M","-7.12%"
"Feb 21, 2018","17.5624","17.9237","19.1725","16.7693","1.87M","-2.01%"
"Feb 20, 2018","17.9219","17.5611","19.7754","17.4586","1.75M","2.05%"
"Feb 19, 2018","17.5611","16.3471","18.3753","16.0426","884.01K","7.43%"
"Feb 18, 2018","16.3471","18.1978","18.2726","15.9659","756.45K","-10.17%"
"Feb 17, 2018","18.1978","18.0390","18.5826","17.5195","748.36K","0.90%"
"Feb 16, 2018","18.0359","16.4881","18.1331","15.7090","1.40M","9.38%"
"Feb 15, 2018","16.4896","15.5913","16.7852","14.7296","812.62K","5.80%"
"Feb 14, 2018","15.5852","12.8700","15.7454","12.8627","1.15M","21.10%"
"Feb 13, 2018","12.8700","12.7282","12.9910","12.1310","284.89K","1.11%"
"Feb 12, 2018","12.7282","11.7724","12.9918","11.7246","354.18K","8.12%"
"Feb 11, 2018","11.7724","12.2809","12.5796","10.8435","441.83K","-4.05%"
"Feb 10, 2018","12.2693","13.0647","13.6387","11.5882","733.12K","-6.09%"
"Feb 09, 2018","13.0647","12.1781","13.1124","11.4085","645.93K","7.27%"
"Feb 08, 2018","12.1788","10.8246","12.3263","10.8246","712.50K","12.54%"
"Feb 07, 2018","10.8216","11.2845","12.4826","10.1017","1.09M","-4.06%"
"Feb 06, 2018","11.2795","9.1177","11.3886","7.2015","1.96M","23.40%"
"Feb 05, 2018","9.1407","11.5373","12.1693","8.5150","1.63M","-20.68%"
"Feb 04, 2018","11.5233","13.9634","14.1086","11.1414","699.43K","-17.63%"
"Feb 03, 2018","13.9890","13.1716","14.3585","11.8761","476.13K","6.21%"
"Feb 02, 2018","13.1716","13.8510","13.8739","10.3885","1.21M","-4.91%"
"Feb 01, 2018","13.8510","15.9071","16.0576","12.9742","1.06M","-12.93%"
"Jan 31, 2018","15.9071","14.7953","16.1295","14.1186","743.03K","7.52%"
"Jan 30, 2018","14.7953","16.8754","17.8493","14.3140","1.40M","-12.35%"
"Jan 29, 2018","16.8800","17.1790","17.4900","16.0500","761.88K","-1.74%"
"Jan 28, 2018","17.1790","15.8080","17.4210","15.5550","1.71M","8.67%"
"Jan 27, 2018","15.8090","16.5550","16.8580","15.2000","4.10M","-3.97%"
"Jan 26, 2018","16.4620","17.9710","18.7520","14.4750","6.15M","-8.40%"
"Jan 25, 2018","17.9710","17.9850","19.1800","16.5350","2.19M","-0.54%"
"Jan 24, 2018","18.0680","15.9770","18.5350","15.2070","1.21M","13.08%"
"Jan 23, 2018","15.9780","15.6070","16.5600","14.0580","1.24M","2.38%"
"Jan 22, 2018","15.6070","16.9000","17.9270","14.0290","2.16M","-7.65%"
"Jan 21, 2018","16.9000","19.6640","19.6660","16.0960","1.13M","-14.06%"
"Jan 20, 2018","19.6640","18.4170","19.7800","18.3560","1.73M","6.77%"
"Jan 19, 2018","18.4170","17.2440","18.8600","16.6180","1.39M","6.80%"
"Jan 18, 2018","17.2440","18.2200","19.2000","16.7550","2.49M","-5.25%"
"Jan 17, 2018","18.2000","16.7610","18.8500","12.1550","3.39M","7.41%"
"Jan 16, 2018","16.9450","22.3400","22.4080","13.5500","5.10M","-24.12%"
"Jan 15, 2018","22.3300","23.4220","24.5500","22.1920","1.19M","-4.64%"
"Jan 14, 2018","23.4170","25.5000","25.6700","21.7840","1.27M","-8.17%"
"Jan 13, 2018","25.5000","22.7580","25.9500","22.2910","2.09M","12.43%"
"Jan 12, 2018","22.6800","21.3960","23.0000","20.5000","1.95M","6.00%"
"Jan 11, 2018","21.3960","23.1650","23.8010","19.0000","3.12M","-7.66%"
"Jan 10, 2018","23.1700","25.1000","25.4100","21.5000","2.33M","-7.69%"
"Jan 09, 2018","25.1000","23.7300","26.2400","22.5000","3.60M","5.77%"
"Jan 08, 2018","23.7300","24.3300","28.5000","18.8500","7.12M","-2.47%"
"Jan 07, 2018","24.3300","19.1900","24.5000","19.0200","4.31M","26.78%"
"Jan 06, 2018","19.1900","18.5900","19.8100","18.0000","1.56M","3.23%"
"Jan 05, 2018","18.5900","19.6600","20.3000","17.9000","2.16M","-5.44%"
"Jan 04, 2018","19.6600","20.5600","21.9800","19.3000","2.30M","-4.38%"
"Jan 03, 2018","20.5600","20.1300","21.3300","18.8100","2.37M","2.14%"
"Jan 02, 2018","20.1300","19.1800","22.6400","18.5100","4.75M","4.95%"
"Jan 01, 2018","19.1800","19.6000","20.8300","17.8200","3.56M","-2.14%"
"Dec 31, 2017","19.6000","16.5000","22.1200","15.1900","7.30M","18.79%"
"Dec 30, 2017","16.5000","15.8300","16.5000","12.5300","2.95M","4.23%"
"Dec 29, 2017","15.8300","15.0200","16.7800","14.3900","3.05M","5.39%"
"Dec 28, 2017","15.0200","14.8600","15.2900","12.6000","2.12M","1.08%"
"Dec 27, 2017","14.8600","15.1100","15.7500","13.9000","1.75M","-1.65%"
"Dec 26, 2017","15.1100","15.3000","16.2000","14.2500","2.22M","-1.24%"
"Dec 25, 2017","15.3000","14.1800","15.5600","13.6000","2.69M","7.90%"
"Dec 24, 2017","14.1800","14.0600","14.1900","11.2000","3.03M","0.85%"
"Dec 23, 2017","14.0600","12.6000","15.4000","12.2700","4.33M","11.59%"
"Dec 22, 2017","12.6000","17.1400","17.5900","9.0200","13.22M","-26.49%"
"Dec 21, 2017","17.1400","17.8100","18.9500","15.6600","4.04M","-3.76%"
"Dec 20, 2017","17.8100","17.8000","19.1600","15.2000","7.42M","0.06%"
"Dec 19, 2017","17.8000","18.4200","21.4900","16.1100","9.44M","-3.37%"
"Dec 18, 2017","18.4200","15.5700","18.4500","14.4700","7.63M","18.30%"
"Dec 17, 2017","15.5700","14.1400","17.6000","13.5100","7.52M","10.11%"
"Dec 16, 2017","14.1400","11.6900","15.4500","11.6500","13.84M","20.96%"
"Dec 15, 2017","11.6900","11.4300","11.6900","9.8600","2.90M","2.27%"
"Dec 14, 2017","11.4300","10.6200","11.9800","10.1000","3.76M","7.63%"
"Dec 13, 2017","10.6200","10.4200","11.7000","9.5300","6.91M","1.92%"
"Dec 12, 2017","10.4200","9.0200","11.5000","8.7700","6.89M","15.52%"
"Dec 11, 2017","9.0200","7.8600","9.1900","7.8100","1.84M","14.76%"
"Dec 10, 2017","7.8600","8.4400","8.4400","7.5700","2.00M","-6.87%"
"Dec 09, 2017","8.4400","8.2600","9.1000","8.0000","2.38M","2.18%"
"Dec 08, 2017","8.2600","7.6500","8.5500","7.5000","2.82M","7.97%"
"Dec 07, 2017","7.6500","8.5700","8.9200","7.6500","2.43M","-10.74%"
"Dec 06, 2017","8.5700","10.0200","10.0700","8.3200","2.62M","-14.47%"
"Dec 05, 2017","10.0200","10.5800","10.5800","9.6800","3.14M","-5.29%"
"Dec 04, 2017","10.5800","9.3800","10.6400","9.0000","2.43M","12.79%"
"Dec 03, 2017","9.3800","9.2800","10.1800","8.6300","3.25M","1.08%"
"Dec 02, 2017","9.2800","8.8900","9.6800","8.5000","2.23M","4.39%"
"Dec 01, 2017","8.8900","8.0600","8.9900","7.7300","2.63M","10.30%"
"Nov 30, 2017","8.0600","7.8700","8.5200","7.0000","3.68M","2.41%"
"Nov 29, 2017","7.8700","9.4100","9.4500","5.5000","4.82M","-16.37%"
"Nov 28, 2017","9.4100","9.5000","9.9500","8.9100","4.17M","-0.95%"
"Nov 27, 2017","9.5000","8.5400","9.5300","8.4700","4.01M","11.24%"
"Nov 26, 2017","8.5400","8.7700","8.7700","8.4700","12.60K","-2.62%"
"Nov 25, 2017","8.7700","7.5900","8.9800","7.5600","4.97M","15.55%"
"Nov 24, 2017","7.5900","7.6500","7.7500","7.3600","1.57M","-0.78%"
"Nov 23, 2017","7.6500","7.9800","8.1900","7.6500","2.20M","-4.14%"
"Nov 22, 2017","7.9800","7.6600","8.0500","7.6200","1.41M","4.18%"
"Nov 21, 2017","7.6600","8.0300","8.1800","7.5000","2.55M","-4.61%"
"Nov 20, 2017","8.0300","7.7500","8.2100","7.7500","1.69M","3.61%"
"Nov 19, 2017","7.7500","7.9200","8.2400","7.6200","1.84M","-2.15%"
"Nov 18, 2017","7.9200","7.6300","8.6400","7.3800","4.79M","3.80%"
"Nov 17, 2017","7.6300","7.1900","7.8000","7.0800","1.93M","6.12%"
"Nov 16, 2017","7.1900","7.7100","7.7300","7.1000","1.53M","-6.74%"
"Nov 15, 2017","7.7100","7.8600","8.0600","7.2500","2.13M","-1.91%"
"Nov 14, 2017","7.8600","7.5100","7.9100","7.1900","2.07M","4.66%"
"Nov 13, 2017","7.5100","6.5700","7.6800","6.5100","3.60M","14.31%"
"Nov 12, 2017","6.5700","7.2800","7.3500","6.0100","3.34M","-9.75%"
"Nov 11, 2017","7.2800","6.9700","7.5800","6.8500","2.47M","4.45%"
"Nov 10, 2017","6.9700","8.0400","8.1400","6.6600","5.46M","-13.31%"
"Nov 09, 2017","8.0400","7.6300","8.5000","7.5100","5.52M","5.37%"
"Nov 08, 2017","7.6300","6.3200","8.2000","6.2600","7.95M","20.73%"
"Nov 07, 2017","6.3200","6.4800","6.6900","6.0500","1.31M","-2.47%"
"Nov 06, 2017","6.4800","6.2700","6.7000","6.1800","1.42M","3.35%"
"Nov 05, 2017","6.2700","6.4700","6.4900","6.1100","1.11M","-3.09%"
"Nov 04, 2017","6.4700","6.7100","6.7800","6.3400","1.22M","-3.58%"
"Nov 03, 2017","6.7100","6.2200","6.8200","6.0900","2.76M","7.88%"
"Nov 02, 2017","6.2200","6.0700","6.7200","5.4800","7.26M","2.47%"
"Nov 01, 2017","6.0700","6.8200","6.9900","6.0100","4.85M","-11.00%"
"Oct 31, 2017","6.8200","7.2400","7.3000","6.8200","1.85M","-5.80%"
"Oct 30, 2017","7.2400","7.3100","7.4400","7.1200","1.03M","-0.96%"
"Oct 29, 2017","7.3100","7.1600","7.5000","7.1200","1.07M","2.09%"
"Oct 28, 2017","7.1600","7.4800","7.5600","7.1500","1.37M","-4.28%"
"Oct 27, 2017","7.4800","7.6100","8.1000","7.3900","2.18M","-1.71%"
"Oct 26, 2017","7.6100","7.6500","7.8200","7.3900","1.44M","-0.52%"
"Oct 25, 2017","7.6500","8.1100","8.1300","7.5200","1.47M","-5.67%"
"Oct 24, 2017","8.1100","7.6500","8.7100","7.3900","4.80M","6.01%"
"Oct 23, 2017","7.6500","7.6400","7.7000","7.0300","1.13M","0.13%"
"Oct 22, 2017","7.6400","7.3700","7.8000","7.3100","1.35M","3.66%"
"Oct 21, 2017","7.3700","7.2600","7.4500","6.9100","1.25M","1.52%"
"Oct 20, 2017","7.2600","7.8200","7.8500","7.2600","1.49M","-7.16%"
"Oct 19, 2017","7.8200","7.8000","8.0600","7.6700","874.97K","0.26%"
"Oct 18, 2017","7.8000","7.9400","8.0900","7.6000","1.79M","-1.76%"
"Oct 17, 2017","7.9400","7.8100","8.2600","7.6200","2.23M","1.66%"
"Oct 16, 2017","7.8100","7.9800","8.1100","7.6000","1.55M","-2.13%"
"Oct 15, 2017","7.9800","8.0400","8.2700","7.6100","1.90M","-0.75%"
"Oct 14, 2017","8.0400","8.2900","8.3400","8.0000","1.22M","-3.02%"
"Oct 13, 2017","8.2900","8.2300","8.7100","8.0200","2.00M","0.73%"
"Oct 12, 2017","8.2300","9.2500","9.6000","8.1600","4.39M","-11.03%"
"Oct 11, 2017","9.2500","8.0900","9.3700","8.0900","4.90M","14.34%"
"Oct 10, 2017","8.0900","7.4800","8.4000","7.2800","2.62M","8.16%"
"Oct 09, 2017","7.4800","7.7500","8.1500","6.9100","3.68M","-3.48%"
"Oct 08, 2017","7.7500","8.5400","8.6500","7.6000","2.64M","-9.25%"
"Oct 07, 2017","8.5400","8.6700","8.7900","8.1200","1.53M","-1.50%"
"Oct 06, 2017","8.6700","8.8000","8.9100","8.4600","1.17M","-1.48%"
"Oct 05, 2017","8.8000","8.6700","9.0600","8.1700","2.18M","1.50%"
"Oct 04, 2017","8.6700","9.2700","9.2700","8.5000","1.93M","-6.47%"
"Oct 03, 2017","9.2700","9.2100","9.3500","8.5000","3.40M","0.65%"
"Oct 02, 2017","9.2100","9.8600","10.0500","9.0600","3.27M","-6.59%"
"Oct 01, 2017","9.8600","10.1400","10.2000","9.5400","1.73M","-2.76%"
"Sep 30, 2017","10.1400","9.8100","10.3500","9.6800","2.66M","3.36%"
"Sep 29, 2017","9.8100","10.4500","10.6700","8.9000","6.25M","-6.12%"
"Sep 28, 2017","10.4500","10.3200","11.5500","10.0300","5.91M","1.26%"
"Sep 27, 2017","10.3200","9.7200","10.6000","9.7200","3.89M","6.17%"
"Sep 26, 2017","9.7200","10.0100","10.3700","9.6200","2.85M","-2.90%"
"Sep 25, 2017","10.0100","8.6000","10.4700","8.5600","6.91M","16.40%"
"Sep 24, 2017","8.6000","9.0100","9.1500","8.4300","2.34M","-4.55%"
"Sep 23, 2017","9.0100","8.6100","9.3700","8.3100","3.91M","4.65%"
"Sep 22, 2017","8.6100","8.0600","8.9400","7.8200","6.17M","6.82%"
"Sep 21, 2017","8.0600","9.0400","9.4200","7.6100","6.95M","-10.84%"
"Sep 20, 2017","9.0400","9.9500","9.9900","9.0300","3.49M","-9.15%"
"Sep 19, 2017","9.9500","11.0000","11.0400","9.6200","4.27M","-9.55%"
"Sep 18, 2017","11.0000","9.8200","11.4000","9.8200","5.94M","12.02%"
"Sep 17, 2017","9.8200","9.8900","10.3500","8.9500","5.05M","-0.71%"
"Sep 16, 2017","9.8900","9.9900","10.6700","9.2100","8.11M","-1.00%"
"Sep 15, 2017","9.9900","8.1000","10.5500","6.5000","21.94M","23.33%"
"Sep 14, 2017","8.1000","10.5500","11.1400","7.5500","13.78M","-23.22%"
"Sep 13, 2017","10.5500","11.6800","11.6800","9.4300","8.45M","-9.67%"
"Sep 12, 2017","11.6800","11.3700","13.7000","10.9200","8.62M","2.73%"
"Sep 11, 2017","11.3700","11.3800","12.1000","11.0000","3.41M","-0.09%"
"Sep 10, 2017","11.3800","12.3100","12.4000","10.5800","4.82M","-7.55%"
"Sep 09, 2017","12.3100","11.4400","12.4000","10.8100","4.74M","7.60%"
"Sep 08, 2017","11.4400","12.7900","13.4900","10.3600","9.90M","-10.56%"
"Sep 07, 2017","12.7900","11.6000","13.6900","10.7100","10.03M","10.26%"
"Sep 06, 2017","11.6000","10.9900","11.9000","10.3000","7.56M","5.55%"
"Sep 05, 2017","10.9900","8.8100","11.4400","7.6100","10.62M","24.74%"
"Sep 04, 2017","8.8100","10.7400","10.7400","7.3300","15.38M","-17.97%"
"Sep 03, 2017","10.7400","10.8500","11.4000","9.5400","4.65M","-1.01%"
"Sep 02, 2017","10.8500","12.0100","12.1200","9.8000","6.03M","-9.66%"
"Sep 01, 2017","12.0100","11.8200","12.6900","11.6500","5.05M","1.61%"
"Aug 31, 2017","11.8200","11.2400","12.2000","10.7500","4.82M","5.16%"
"Aug 30, 2017","11.2400","9.4800","11.8100","9.4200","11.11M","18.57%"
"Aug 29, 2017","9.4800","8.6200","9.7600","8.4400","6.27M","9.98%"
"Aug 28, 2017","8.6200","8.3400","8.9700","8.0800","3.68M","3.36%"
"Aug 27, 2017","8.3400","8.2800","8.3800","7.9900","1.50M","0.72%"
"Aug 26, 2017","8.2800","8.1800","8.4000","7.7700","2.12M","1.22%"
"Aug 25, 2017","8.1800","8.3800","8.5000","7.9300","1.80M","-2.39%"
"Aug 24, 2017","8.3800","8.1900","8.4500","7.8900","1.87M","2.32%"
"Aug 23, 2017","8.1900","7.6000","8.6800","7.4900","5.48M","7.76%"
"Aug 22, 2017","7.6000","7.6500","7.7300","6.8000","3.62M","-0.65%"
"Aug 21, 2017","7.6500","8.4800","8.6000","7.2700","4.74M","-9.79%"
"Aug 20, 2017","8.4800","7.8200","8.9000","7.1400","4.93M","8.44%"
"Aug 19, 2017","7.8200","7.2500","8.0000","6.2300","5.64M","7.86%"
"Aug 18, 2017","7.2500","8.3200","8.4500","6.0800","10.20M","-12.86%"
"Aug 17, 2017","8.3200","8.8500","9.5500","8.2700","7.87M","-5.99%"
"Aug 16, 2017","8.8500","6.7200","9.2500","6.6700","14.58M","31.70%"
"Aug 15, 2017","6.7200","7.0300","7.1300","6.0800","5.81M","-4.41%"
"Aug 14, 2017","7.0300","6.8800","7.4700","6.3000","7.30M","2.18%"
"Aug 13, 2017","6.8800","6.2000","7.5000","5.2400","11.15M","10.97%"
"Aug 12, 2017","6.2000","7.2500","7.6300","5.7800","8.88M","-14.48%"
"Aug 11, 2017","7.2500","5.9300","7.7500","5.2700","17.48M","22.26%"
"Aug 10, 2017","5.9300","3.4300","6.6000","3.3500","28.10M","72.89%"
"Aug 09, 2017","3.4300","3.6700","3.7100","3.2100","4.08M","-6.54%"
"Aug 08, 2017","3.6700","3.0500","3.8300","3.0400","7.62M","20.33%"
"Aug 07, 2017","3.0500","2.7300","3.2600","2.6000","6.34M","11.72%"
"Aug 06, 2017","2.7300","3.6000","3.6500","2.5100","5.89M","-24.17%"
"Aug 05, 2017","3.6000","2.8100","3.9000","2.1500","15.23M","28.11%"
"Aug 04, 2017","2.8100","1.9500","3.1200","1.9100","7.52M","44.10%"
"Aug 03, 2017","1.9500","1.3900","2.1200","1.3400","4.45M","40.29%"
"Aug 02, 2017","1.3900","1.3300","1.3900","1.2700","1.24M","4.51%"
"Aug 01, 2017","1.3300","1.2200","1.3800","1.1600","1.71M","9.02%"
"Jul 31, 2017","1.2200","1.1900","1.2500","1.1300","753.52K","2.52%"
"Jul 30, 2017","1.1900","1.2800","1.3300","1.1700","486.01K","-7.03%"
"Jul 29, 2017","1.2800","1.1600","1.2900","1.1000","862.82K","10.34%"
"Jul 28, 2017","1.1600","1.3600","1.4100","1.1000","1.76M","-14.71%"
"Jul 27, 2017","1.3600","1.1900","1.4300","1.1900","2.37M","14.29%"
"Jul 26, 2017","1.1900","1.2200","1.3000","1.0200","2.49M","-2.46%"
"Jul 25, 2017","1.2200","1.5200","1.5500","1.0400","3.74M","-19.74%"
"Jul 24, 2017","1.5200","1.4800","1.6400","1.2600","5.12M","2.70%"
"Jul 23, 2017","1.4800","0.8700","1.6200","0.8400","7.38M","70.11%"
"Jul 22, 2017","0.8700","0.7460","0.9000","0.7349","2.74M","16.62%"
"Jul 21, 2017","0.7460","0.6521","0.7851","0.6300","1.10M","14.40%"
"Jul 20, 2017","0.6521","0.5610","0.7366","0.5610","2.15M","16.24%"
"Jul 19, 2017","0.5610","0.7506","0.8121","0.5599","2.35M","-25.26%"
"Jul 18, 2017","0.7506","0.5819","0.8997","0.5463","4.89M","28.99%"
"Jul 17, 2017","0.5819","0.3800","0.5940","0.3748","2.55M","53.13%"
"Jul 16, 2017","0.3800","0.4260","0.5209","0.3150","2.22M","-10.80%"
"Jul 15, 2017","0.4260","0.5526","0.6982","0.4201","2.00M","-22.91%"